contract,expiryDate,optionType,strikePrice,lastPrice,change,pChange,openPrice,highPrice,lowPrice,closePrice,volume,totalTurnover,value,premiumTurnOver,underlyingValue,openInterest,noOfTrades,datetime
NIFTY 21-Jul-2026,21-Jul-2026,Call,24200,201.5,77.5,62.5,171.65,217.4,165.05,195.95,7461155,1465967734.4,1465967734.4,182025918734.4,24201,19000.0,114787,2026-07-13 09:01:48.659643+05:30
NIFTY 21-Jul-2026,21-Jul-2026,Put,24200,166.55,-170.6,-50.6,235.5,240.0,160.1,172.85,6938555,1290085531.15,1290085531.15,169203116531.15,24201,19518.0,106747,2026-07-13 09:01:48.659643+05:30
NIFTY 21-Jul-2026,21-Jul-2026,Call,24500,73.8,26.5,56.03,65.0,83.4,59.9,72.25,4922320,361298288.0,361298288.0,120958138288.0,24201,17912.0,75728,2026-07-13 09:01:48.659643+05:30
NIFTY 21-Jul-2026,21-Jul-2026,Put,24000,97.45,-131.15,-57.37,160.05,161.85,92.6,100.3,4849585,544365916.25,544365916.25,116934405916.25,24201,25901.0,74609,2026-07-13 09:01:48.659643+05:30
NIFTY 21-Jul-2026,21-Jul-2026,Call,24300,147.8,56.45,61.8,125.0,164.95,123.55,146.1,4289090,629981539.2,629981539.2,104854868539.2,24201,16846.0,65986,2026-07-13 09:01:48.659643+05:30
NIFTY 21-Jul-2026,21-Jul-2026,Put,23800,56.15,-89.5,-61.45,86.5,90.6,52.5,57.1,3745625,239982193.75,239982193.75,89385857193.75,24201,15785.0,57625,2026-07-13 09:01:48.659643+05:30
NIFTY 21-Jul-2026,21-Jul-2026,Call,24600,50.25,17.35,52.74,44.95,56.3,41.3,47.95,3644615,178659027.3,178659027.3,89836188027.3,24201,13849.0,56071,2026-07-13 09:01:48.659643+05:30
NIFTY 21-Jul-2026,21-Jul-2026,Call,25000,9.15,0.65,7.65,10.0,10.85,7.75,9.05,3361475,31228102.75,31228102.75,84068103102.75,24201,18895.0,51715,2026-07-13 09:01:48.659643+05:30
NIFTY 21-Jul-2026,21-Jul-2026,Put,23000,10.05,-11.9,-54.21,15.1,15.6,8.8,10.1,3298945,34572943.6,34572943.6,75910307943.6,24201,23199.0,50753,2026-07-13 09:01:48.659643+05:30
NIFTY 21-Jul-2026,21-Jul-2026,Call,24400,107.35,41.2,62.28,85.35,119.1,85.35,104.6,3228290,341617647.8,341617647.8,79111893647.8,24201,11969.0,49666,2026-07-13 09:01:48.659643+05:30
NIFTY 21-Jul-2026,21-Jul-2026,Put,23500,25.15,-44.95,-64.12,48.15,48.15,20.5,25.5,2975830,85763420.6,85763420.6,70017768420.6,24201,14221.0,45782,2026-07-13 09:01:48.659643+05:30
NIFTY 21-Jul-2026,21-Jul-2026,Call,24800,20.8,4.8,30.0,18.05,24.3,17.6,19.8,2940665,60871765.5,60871765.5,72989363765.5,24201,13572.0,45241,2026-07-13 09:01:48.659643+05:30
NIFTY 21-Jul-2026,21-Jul-2026,Put,24100,128.5,-154.35,-54.57,200.0,200.0,122.45,132.3,2929290,428408662.5,428408662.5,71024297662.5,24201,11400.0,45066,2026-07-13 09:01:48.659643+05:30
NIFTY 21-Jul-2026,21-Jul-2026,Call,24700,33.45,10.55,46.07,30.0,37.0,27.05,30.85,2674815,85219605.9,85219605.9,66153150105.9,24201,11742.0,41151,2026-07-13 09:01:48.659643+05:30
NIFTY 21-Jul-2026,21-Jul-2026,Put,23700,42.0,-73.3,-63.57,73.05,85.35,39.15,43.3,2399800,117254228.0,117254228.0,56992514228.0,24201,7664.0,36920,2026-07-13 09:01:48.659643+05:30
NIFTY 21-Jul-2026,21-Jul-2026,Call,24100,260.25,97.35,59.76,216.9,279.0,193.0,257.0,2383160,598339981.2,598339981.2,58032495981.2,24201,7322.0,36664,2026-07-13 09:01:48.659643+05:30
NIFTY 21-Jul-2026,21-Jul-2026,Put,23900,74.3,-110.1,-59.71,125.05,125.05,69.5,75.8,2266550,193631366.5,193631366.5,54364176366.5,24201,9106.0,34870,2026-07-13 09:01:48.659643+05:30
NIFTY 21-Jul-2026,21-Jul-2026,Put,24300,214.3,-194.95,-47.64,309.25,309.25,201.0,222.35,2182050,518476900.5,518476900.5,53542291900.5,24201,8909.0,33570,2026-07-13 09:01:48.659643+05:30
NIFTY 21-Jul-2026,21-Jul-2026,Call,24900,13.9,2.5,21.93,14.0,15.7,11.15,12.8,2097420,27623021.4,27623021.4,52253381021.4,24201,10885.0,32268,2026-07-13 09:01:48.659643+05:30
NIFTY 21-Jul-2026,21-Jul-2026,Call,24000,329.65,122.1,58.83,262.0,348.9,262.0,323.5,2016170,638198451.8,638198451.8,49026278451.8,24201,10949.0,31018,2026-07-13 09:01:48.659643+05:30
NIFTY 21-Jul-2026,21-Jul-2026,Put,23200,13.05,-20.55,-61.16,19.3,20.85,12.2,13.2,1951820,27637771.2,27637771.2,45309861771.2,24201,6493.0,30028,2026-07-13 09:01:48.659643+05:30
NIFTY 21-Jul-2026,21-Jul-2026,Put,22500,4.65,-4.1,-46.86,5.95,6.5,4.65,5.35,1650090,8976489.6,8976489.6,37136001489.6,24201,13413.0,25386,2026-07-13 09:01:48.659643+05:30
NIFTY 21-Jul-2026,21-Jul-2026,Put,23600,35.0,-56.1,-61.58,51.15,54.35,29.9,32.95,1632150,60601729.5,60601729.5,38579341729.5,24201,10171.0,25110,2026-07-13 09:01:48.659643+05:30
NIFTY 21-Jul-2026,21-Jul-2026,Put,24150,146.6,-164.45,-52.87,221.0,221.0,141.4,151.7,1565070,260427648.0,260427648.0,38056868148.0,24201,4552.0,24078,2026-07-13 09:01:48.659643+05:30
NIFTY 21-Jul-2026,21-Jul-2026,Put,23300,15.55,-26.2,-62.75,25.1,25.1,14.35,15.7,1530490,26630526.0,26630526.0,35687047526.0,24201,8512.0,23546,2026-07-13 09:01:48.659643+05:30
NIFTY 21-Jul-2026,21-Jul-2026,Call,24250,174.35,67.0,62.41,148.0,190.05,144.25,171.05,1488695,253837384.45,253837384.45,36354691134.45,24201,4053.0,22903,2026-07-13 09:01:48.659643+05:30
NIFTY 21-Jul-2026,21-Jul-2026,Put,23400,19.3,-35.65,-64.88,36.7,36.7,18.1,19.9,1442155,31914890.15,31914890.15,33778341890.15,24201,6803.0,22187,2026-07-13 09:01:48.659643+05:30
NIFTY 21-Jul-2026,21-Jul-2026,Call,24150,231.9,88.8,62.05,200.05,246.55,193.9,225.1,1394055,309243220.65,309243220.65,33975671470.65,24201,3244.0,21447,2026-07-13 09:01:48.659643+05:30
NIFTY 21-Jul-2026,21-Jul-2026,Put,23100,11.85,-14.85,-55.62,18.0,19.3,10.45,11.25,1346605,16091929.75,16091929.75,31122667429.75,24201,6171.0,20717,2026-07-13 09:01:48.659643+05:30
NIFTY 21-Jul-2026,21-Jul-2026,Call,26000,1.1,-0.25,-18.52,1.35,1.4,1.1,1.15,1221220,1514312.8,1514312.8,31753234312.8,24201,13139.0,18788,2026-07-13 09:01:48.659643+05:30
NIFTY 21-Jul-2026,21-Jul-2026,Call,24350,128.15,49.6,63.14,97.8,141.2,97.8,124.45,1207895,150793611.8,150793611.8,29563036861.8,24201,3613.0,18583,2026-07-13 09:01:48.659643+05:30
NIFTY 21-Jul-2026,21-Jul-2026,Put,22900,8.6,-9.15,-51.55,11.65,12.0,7.8,8.7,1189500,10693605.0,10693605.0,27250243605.0,24201,5871.0,18300,2026-07-13 09:01:48.659643+05:30
NIFTY 21-Jul-2026,21-Jul-2026,Call,25100,6.2,0.0,0.0,7.55,7.55,5.35,6.25,1149460,7322060.2,7322060.2,28858768060.2,24201,7976.0,17684,2026-07-13 09:01:48.659643+05:30
NIFTY 21-Jul-2026,21-Jul-2026,Call,25200,5.0,0.4,8.7,4.45,5.4,3.75,4.5,1129115,5216511.3,5216511.3,28458914511.3,24201,6632.0,17371,2026-07-13 09:01:48.659643+05:30
NIFTY 21-Jul-2026,21-Jul-2026,Put,23650,37.5,-64.25,-63.14,69.85,70.95,34.7,38.35,1083095,45089244.85,45089244.85,25660285994.85,24201,5335.0,16663,2026-07-13 09:01:48.659643+05:30
NIFTY 21-Jul-2026,21-Jul-2026,Call,24450,92.85,36.3,64.19,70.2,100.5,70.2,88.0,1037725,92274507.0,92274507.0,25464650757.0,24201,3058.0,15965,2026-07-13 09:01:48.659643+05:30
NIFTY 21-Jul-2026,21-Jul-2026,Call,24750,26.3,7.05,36.62,25.1,30.25,21.95,24.8,981760,25231232.0,25231232.0,24323791232.0,24201,2728.0,15104,2026-07-13 09:01:48.659643+05:30
NIFTY 21-Jul-2026,21-Jul-2026,Put,22800,8.25,-6.1,-42.51,9.25,9.45,6.85,7.7,886990,6918522.0,6918522.0,20230290522.0,24201,4066.0,13646,2026-07-13 09:01:48.659643+05:30
NIFTY 21-Jul-2026,21-Jul-2026,Call,24550,63.05,23.3,58.62,55.95,68.9,51.9,59.6,833040,50465563.2,50465563.2,20501597563.2,24201,2854.0,12816,2026-07-13 09:01:48.659643+05:30
NIFTY 21-Jul-2026,21-Jul-2026,Call,24950,10.95,1.1,11.17,9.45,12.75,9.3,10.4,831545,8847638.8,8847638.8,20755895388.8,24201,4371.0,12793,2026-07-13 09:01:48.659643+05:30
NIFTY 21-Jul-2026,21-Jul-2026,Put,24400,272.85,-217.25,-44.33,400.0,400.0,262.8,279.95,815100,241448922.0,241448922.0,20129888922.0,24201,4803.0,12540,2026-07-13 09:01:48.659643+05:30
NIFTY 21-Jul-2026,21-Jul-2026,Call,24650,41.45,13.75,49.64,35.6,45.9,34.0,38.6,794235,31682034.15,31682034.15,19609574784.15,24201,2588.0,12219,2026-07-13 09:01:48.659643+05:30
NIFTY 21-Jul-2026,21-Jul-2026,Put,22000,3.65,-1.95,-34.82,4.05,4.85,3.2,3.9,786045,3073435.95,3073435.95,17296063435.95,24201,5198.0,12093,2026-07-13 09:01:48.659643+05:30
NIFTY 21-Jul-2026,21-Jul-2026,Put,23950,84.65,-121.05,-58.85,145.0,145.0,80.2,87.15,785135,76746946.25,76746946.25,18880730196.25,24201,2446.0,12079,2026-07-13 09:01:48.659643+05:30
NIFTY 21-Jul-2026,21-Jul-2026,Call,25500,2.15,-0.5,-18.87,2.65,2.9,2.15,2.3,765245,1890155.15,1890155.15,19515637655.15,24201,7259.0,11773,2026-07-13 09:01:48.659643+05:30
NIFTY 21-Jul-2026,21-Jul-2026,Put,23750,47.4,-80.65,-62.98,60.8,77.05,45.2,49.6,758160,42176440.8,42176440.8,18048476440.8,24201,3590.0,11664,2026-07-13 09:01:48.659643+05:30
NIFTY 21-Jul-2026,21-Jul-2026,Put,24050,112.9,-141.1,-55.55,160.85,162.65,107.25,115.7,757250,99025582.5,99025582.5,18310888082.5,24201,1836.0,11650,2026-07-13 09:01:48.659643+05:30
NIFTY 21-Jul-2026,21-Jul-2026,Put,21600,3.25,-0.95,-22.62,3.15,3.55,2.75,3.3,750685,2462246.8,2462246.8,16217258246.8,24201,18593.0,11549,2026-07-13 09:01:48.659643+05:30
NIFTY 21-Jul-2026,21-Jul-2026,Call,25300,3.35,-0.2,-5.63,3.45,3.95,3.0,3.35,736905,2527584.15,2527584.15,18646224084.15,24201,5802.0,11337,2026-07-13 09:01:48.659643+05:30
NIFTY 21-Jul-2026,21-Jul-2026,Put,24250,190.1,-183.15,-49.07,285.0,285.0,183.15,195.4,728910,151693460.1,151693460.1,17827760960.1,24201,3468.0,11214,2026-07-13 09:01:48.659643+05:30
NIFTY 21-Jul-2026,21-Jul-2026,Put,22600,5.5,-4.55,-45.27,6.55,7.0,5.35,6.1,728715,4437874.35,4437874.35,16473396874.35,24201,3249.0,11211,2026-07-13 09:01:48.659643+05:30
NIFTY 21-Jul-2026,21-Jul-2026,Put,23450,22.3,-40.0,-64.21,35.05,35.95,19.9,22.4,705250,17363255.0,17363255.0,16555475755.0,24201,1993.0,10850,2026-07-13 09:01:48.659643+05:30
NIFTY 21-Jul-2026,21-Jul-2026,Call,25700,1.25,-0.65,-34.21,1.5,2.15,1.25,1.35,684580,978949.4,978949.4,17594684949.4,24201,5546.0,10532,2026-07-13 09:01:48.659643+05:30
NIFTY 21-Jul-2026,21-Jul-2026,Call,25800,1.15,-0.55,-32.35,1.3,1.75,1.15,1.2,652795,835577.6,835577.6,16842946577.6,24201,5026.0,10043,2026-07-13 09:01:48.659643+05:30
NIFTY 21-Jul-2026,21-Jul-2026,Put,22700,7.55,-4.55,-37.6,7.95,8.85,5.5,6.9,642980,4475140.8,4475140.8,14600121140.8,24201,3092.0,9892,2026-07-13 09:01:48.659643+05:30
NIFTY 21-Jul-2026,21-Jul-2026,Put,23350,16.7,-30.95,-64.95,24.65,24.8,15.9,17.85,596245,11060344.75,11060344.75,13933381094.75,24201,4522.0,9173,2026-07-13 09:01:48.659643+05:30
NIFTY 21-Jul-2026,21-Jul-2026,Put,23850,65.1,-100.0,-60.57,140.1,140.1,60.3,65.45,594750,44296980.0,44296980.0,14229084480.0,24201,2308.0,9150,2026-07-13 09:01:48.659643+05:30
NIFTY 21-Jul-2026,21-Jul-2026,Put,21800,3.5,-1.6,-31.37,3.3,4.05,3.05,3.7,578630,2123572.1,2123572.1,12616257572.1,24201,7655.0,8902,2026-07-13 09:01:48.659643+05:30
NIFTY 21-Jul-2026,21-Jul-2026,Put,24500,345.95,-217.05,-38.55,410.0,431.4,328.55,346.0,574860,209151313.8,209151313.8,14293221313.8,24201,5179.0,8844,2026-07-13 09:01:48.659643+05:30
NIFTY 21-Jul-2026,21-Jul-2026,Call,25600,1.55,-0.8,-34.04,2.25,2.45,1.5,1.6,553605,957736.65,957736.65,14173245736.65,24201,5464.0,8517,2026-07-13 09:01:48.659643+05:30
NIFTY 21-Jul-2026,21-Jul-2026,Call,23900,412.5,149.85,57.05,349.95,420.8,349.95,399.05,485290,187943111.2,187943111.2,11786374111.2,24201,2509.0,7466,2026-07-13 09:01:48.659643+05:30
NIFTY 21-Jul-2026,21-Jul-2026,Call,25400,2.95,-0.2,-6.35,3.15,3.3,2.6,2.8,479115,1408598.1,1408598.1,12170929598.1,24201,2995.0,7371,2026-07-13 09:01:48.659643+05:30
NIFTY 21-Jul-2026,21-Jul-2026,Put,23550,28.25,-52.1,-64.84,44.05,44.6,26.25,28.85,441870,14073559.5,14073559.5,10420112059.5,24201,2391.0,6798,2026-07-13 09:01:48.659643+05:30
NIFTY 21-Jul-2026,21-Jul-2026,Call,24050,294.1,106.55,56.81,246.0,312.3,244.6,290.75,429130,120649899.5,120649899.5,10441226399.5,24201,1070.0,6602,2026-07-13 09:01:48.659643+05:30
NIFTY 21-Jul-2026,21-Jul-2026,Call,24850,17.75,4.25,31.48,16.3,19.6,14.0,16.0,420940,6945510.0,6945510.0,10467304510.0,24201,1892.0,6476,2026-07-13 09:01:48.659643+05:30
NIFTY 21-Jul-2026,21-Jul-2026,Call,25900,1.15,-0.35,-23.33,1.15,1.5,1.05,1.15,395395,486335.85,486335.85,10241216835.85,24201,2789.0,6083,2026-07-13 09:01:48.659643+05:30
NIFTY 21-Jul-2026,21-Jul-2026,Put,22850,8.7,-7.7,-46.95,10.0,10.05,5.25,8.3,371085,2972390.85,2972390.85,8482264640.85,24201,1349.0,5709,2026-07-13 09:01:48.659643+05:30
NIFTY 21-Jul-2026,21-Jul-2026,Call,25150,5.3,-0.1,-1.85,4.55,6.35,4.55,5.45,284895,1569771.45,1569771.45,7166679021.45,24201,1807.0,4383,2026-07-13 09:01:48.659643+05:30
NIFTY 21-Jul-2026,21-Jul-2026,Put,23250,14.5,-23.3,-61.64,20.05,20.85,13.3,14.55,274755,4225731.9,4225731.9,6392279481.9,24201,1232.0,4227,2026-07-13 09:01:48.659643+05:30
NIFTY 21-Jul-2026,21-Jul-2026,Call,25050,8.35,1.25,17.61,7.2,8.8,6.35,7.5,260715,1976219.7,1976219.7,6532886969.7,24201,1355.0,4011,2026-07-13 09:01:48.659643+05:30
NIFTY 21-Jul-2026,21-Jul-2026,Put,22100,3.7,-2.15,-36.75,5.1,5.1,3.45,4.0,253045,1017240.9,1017240.9,5593311740.9,24201,2499.0,3893,2026-07-13 09:01:48.659643+05:30
NIFTY 21-Jul-2026,21-Jul-2026,Put,22300,4.2,-3.0,-41.67,5.0,5.2,4.15,4.75,244010,1137086.6,1137086.6,5442560086.6,24201,2093.0,3754,2026-07-13 09:01:48.659643+05:30
NIFTY 21-Jul-2026,21-Jul-2026,Put,23150,11.75,-19.0,-61.79,16.95,17.05,11.0,12.3,226720,2942825.6,2942825.6,5251510825.6,24201,877.0,3488,2026-07-13 09:01:48.659643+05:30
NIFTY 21-Jul-2026,21-Jul-2026,Put,23050,11.45,-12.35,-51.89,14.2,14.2,9.75,10.7,214240,2360924.8,2360924.8,4940592924.8,24201,996.0,3296,2026-07-13 09:01:48.659643+05:30
NIFTY 21-Jul-2026,21-Jul-2026,Call,23800,489.05,167.3,52.0,419.95,505.85,370.0,477.95,207805,96552437.15,96552437.15,5042311437.15,24201,2663.0,3197,2026-07-13 09:01:48.659643+05:30
NIFTY 21-Jul-2026,21-Jul-2026,Put,22950,9.2,-10.4,-53.06,11.7,11.95,8.45,9.45,207285,1985790.3,1985790.3,4759176540.3,24201,1216.0,3189,2026-07-13 09:01:48.659643+05:30
NIFTY 21-Jul-2026,21-Jul-2026,Call,23950,357.8,124.45,53.33,324.95,385.0,289.25,361.85,191815,67534225.2,67534225.2,4661503475.2,24201,479.0,2951,2026-07-13 09:01:48.659643+05:30
NIFTY 21-Jul-2026,21-Jul-2026,Put,24350,243.45,-205.15,-45.73,322.3,322.3,235.75,250.15,186745,49808626.4,49808626.4,4597049376.4,24201,1363.0,2873,2026-07-13 09:01:48.659643+05:30
NIFTY 21-Jul-2026,21-Jul-2026,Put,21900,4.05,-1.15,-22.12,3.55,4.15,2.9,3.7,174005,624677.95,624677.95,3811334177.95,24201,673.0,2677,2026-07-13 09:01:48.659643+05:30
NIFTY 21-Jul-2026,21-Jul-2026,Put,22400,4.65,-3.15,-40.38,7.0,7.0,4.65,5.2,173160,881384.4,881384.4,3879665384.4,24201,1242.0,2664,2026-07-13 09:01:48.659643+05:30
NIFTY 21-Jul-2026,21-Jul-2026,Call,25250,4.1,-0.2,-4.65,3.65,4.65,3.45,3.9,143455,580992.75,580992.75,3622819742.75,24201,745.0,2207,2026-07-13 09:01:48.659643+05:30
NIFTY 21-Jul-2026,21-Jul-2026,Put,22200,5.0,-1.5,-23.08,4.25,5.0,3.9,4.35,140855,604267.95,604267.95,3127585267.95,24201,967.0,2167,2026-07-13 09:01:48.659643+05:30
NIFTY 21-Jul-2026,21-Jul-2026,Put,22750,6.85,-6.75,-49.63,9.1,9.8,6.45,7.3,122525,914036.5,914036.5,2788357786.5,24201,689.0,1885,2026-07-13 09:01:48.659643+05:30
NIFTY 21-Jul-2026,21-Jul-2026,Call,25850,1.5,-0.25,-14.29,1.5,1.65,1.15,1.3,112970,164936.2,164936.2,2920439436.2,24201,845.0,1738,2026-07-13 09:01:48.659643+05:30
NIFTY 21-Jul-2026,21-Jul-2026,Call,26200,1.1,-0.1,-8.33,1.15,1.25,1.0,1.05,104260,111558.2,111558.2,2731723558.2,24201,1156.0,1604,2026-07-13 09:01:48.659643+05:30
NIFTY 21-Jul-2026,21-Jul-2026,Put,24600,422.65,-211.55,-33.36,550.0,550.0,407.65,421.9,85605,37722699.3,37722699.3,2143605699.3,24201,1018.0,1317,2026-07-13 09:01:48.659643+05:30
NIFTY 21-Jul-2026,21-Jul-2026,Put,21700,3.15,-1.45,-31.52,3.4,3.85,2.75,3.5,84500,285610.0,285610.0,1833935610.0,24201,818.0,1300,2026-07-13 09:01:48.659643+05:30
NIFTY 21-Jul-2026,21-Jul-2026,Put,22550,5.0,-4.55,-47.64,6.35,6.6,5.0,5.8,84435,489723.0,489723.0,1904498973.0,24201,576.0,1299,2026-07-13 09:01:48.659643+05:30
NIFTY 21-Jul-2026,21-Jul-2026,Call,23700,578.95,188.5,48.28,400.0,585.8,400.0,570.0,71110,39399206.6,39399206.6,1724706206.6,24201,782.0,1094,2026-07-13 09:01:48.659643+05:30
NIFTY 21-Jul-2026,21-Jul-2026,Call,25550,1.75,-0.65,-27.08,2.35,2.7,1.75,2.0,70070,156956.8,156956.8,1790445456.8,24201,521.0,1078,2026-07-13 09:01:48.659643+05:30
NIFTY 21-Jul-2026,21-Jul-2026,Call,25650,1.5,-0.65,-30.23,1.95,2.5,1.5,1.6,67860,115362.0,115362.0,1740724362.0,24201,1058.0,1044,2026-07-13 09:01:48.659643+05:30
NIFTY 21-Jul-2026,21-Jul-2026,Put,24450,305.85,-219.4,-41.77,383.8,383.9,297.65,311.45,59670,19719741.6,19719741.6,1478651241.6,24201,653.0,918,2026-07-13 09:01:48.659643+05:30
NIFTY 21-Jul-2026,21-Jul-2026,Put,22650,5.15,-6.4,-55.41,7.5,10.65,5.1,6.5,58175,377555.75,377555.75,1318041305.75,24201,466.0,895,2026-07-13 09:01:48.659643+05:30
NIFTY 21-Jul-2026,21-Jul-2026,Put,22450,5.05,-3.15,-38.41,5.65,5.8,4.65,5.4,57850,310076.0,310076.0,1299042576.0,24201,219.0,890,2026-07-13 09:01:48.659643+05:30
NIFTY 21-Jul-2026,21-Jul-2026,Call,23500,754.95,207.75,37.97,654.45,775.0,654.45,747.25,53690,39497585.4,39497585.4,1301212585.4,24201,1081.0,826,2026-07-13 09:01:48.659643+05:30
NIFTY 21-Jul-2026,21-Jul-2026,Call,25350,3.6,0.1,2.86,3.15,3.65,2.65,3.1,52975,168990.25,168990.25,1343085240.25,24201,291.0,815,2026-07-13 09:01:48.659643+05:30
NIFTY 21-Jul-2026,21-Jul-2026,Put,24700,496.0,-215.95,-30.33,551.95,552.8,487.95,503.45,47060,24598262.0,24598262.0,1186980262.0,24201,499.0,724,2026-07-13 09:01:48.659643+05:30
NIFTY 21-Jul-2026,21-Jul-2026,Call,25450,2.55,-0.25,-8.93,2.95,3.05,2.1,2.4,42965,110849.7,110849.7,1093570099.7,24201,202.0,661,2026-07-13 09:01:48.659643+05:30
NIFTY 21-Jul-2026,21-Jul-2026,Call,23850,450.25,161.45,55.9,395.95,452.1,393.2,438.85,41860,17849522.6,17849522.6,1016210522.6,24201,285.0,644,2026-07-13 09:01:48.659643+05:30
NIFTY 21-Jul-2026,21-Jul-2026,Call,23600,665.4,193.7,41.06,599.0,670.0,593.85,645.6,35555,22654934.9,22654934.9,861752934.9,24201,297.0,547,2026-07-13 09:01:48.659643+05:30
NIFTY 21-Jul-2026,21-Jul-2026,Put,25000,775.0,-235.05,-23.27,850.0,850.0,767.2,782.75,34450,27522105.0,27522105.0,888772105.0,24201,397.0,530,2026-07-13 09:01:48.659643+05:30
NIFTY 21-Jul-2026,21-Jul-2026,Put,22050,3.8,-1.95,-33.91,3.65,4.3,3.3,3.95,33540,129464.4,129464.4,739686464.4,24201,2690.0,516,2026-07-13 09:01:48.659643+05:30
NIFTY 21-Jul-2026,21-Jul-2026,Put,22250,4.55,-2.3,-33.58,4.75,5.1,3.9,4.6,31395,140649.6,140649.6,698679399.6,24201,443.0,483,2026-07-13 09:01:48.659643+05:30
NIFTY 21-Jul-2026,21-Jul-2026,Put,24550,374.1,-220.4,-37.07,427.75,432.15,367.55,383.55,28470,11315970.9,11315970.9,710254470.9,24201,252.0,438,2026-07-13 09:01:48.659643+05:30
NIFTY 21-Jul-2026,21-Jul-2026,Put,21950,4.25,-0.95,-18.27,3.5,4.25,3.0,3.7,26390,101073.7,101073.7,579361573.7,24201,76.0,406,2026-07-13 09:01:48.659643+05:30
NIFTY 21-Jul-2026,21-Jul-2026,Put,22350,4.35,-3.2,-42.38,5.35,5.35,4.35,4.85,23790,115619.4,115619.4,531822119.4,24201,135.0,366,2026-07-13 09:01:48.659643+05:30
NIFTY 21-Jul-2026,21-Jul-2026,Call,25750,1.4,-0.45,-24.32,2.0,2.0,1.3,1.4,20995,32752.2,32752.2,540654002.2,24201,340.0,323,2026-07-13 09:01:48.659643+05:30
NIFTY 21-Jul-2026,21-Jul-2026,Put,21650,3.3,-1.25,-27.47,3.05,3.7,2.9,3.65,18720,64022.4,64022.4,405352022.4,24201,37.0,288,2026-07-13 09:01:48.659643+05:30
NIFTY 21-Jul-2026,21-Jul-2026,Put,21750,3.75,-1.1,-22.68,3.45,4.0,2.7,3.65,18265,64658.1,64658.1,397328408.1,24201,31.0,281,2026-07-13 09:01:48.659643+05:30
NIFTY 21-Jul-2026,21-Jul-2026,Call,26150,1.3,0.05,4.0,1.1,1.3,1.0,1.1,16640,18137.6,18137.6,435154137.6,24201,152.0,256,2026-07-13 09:01:48.659643+05:30
NIFTY 21-Jul-2026,21-Jul-2026,Put,22150,4.15,-1.45,-25.89,4.2,4.65,3.6,4.2,16380,67977.0,67977.0,362884977.0,24201,120.0,252,2026-07-13 09:01:48.659643+05:30
NIFTY 21-Jul-2026,21-Jul-2026,Put,24800,585.7,-255.9,-30.41,662.95,663.0,582.2,585.95,13780,8334833.0,8334833.0,350078833.0,24201,181.0,212,2026-07-13 09:01:48.659643+05:30
NIFTY 21-Jul-2026,21-Jul-2026,Call,25950,1.1,-0.5,-31.25,1.35,1.5,1.1,1.15,13520,16629.6,16629.6,350860629.6,24201,99.0,208,2026-07-13 09:01:48.659643+05:30
NIFTY 21-Jul-2026,21-Jul-2026,Call,23000,1238.15,234.2,23.33,1152.65,1245.85,1152.65,1235.3,10010,12073961.9,12073961.9,242303961.9,24201,181.0,154,2026-07-13 09:01:48.659643+05:30
NIFTY 21-Jul-2026,21-Jul-2026,Call,23750,529.65,171.75,47.99,479.95,531.9,479.95,521.5,7475,3787208.75,3787208.75,181318458.75,24201,126.0,115,2026-07-13 09:01:48.659643+05:30
NIFTY 21-Jul-2026,21-Jul-2026,Put,21850,3.4,-1.55,-31.31,3.55,3.9,2.9,3.5,7150,25668.5,25668.5,156253168.5,24201,44.0,110,2026-07-13 09:01:48.659643+05:30
NIFTY 21-Jul-2026,21-Jul-2026,Call,23300,944.65,216.1,29.66,910.3,947.2,897.4,946.05,6110,5676312.2,5676312.2,148039312.2,24201,233.0,94,2026-07-13 09:01:48.659643+05:30
NIFTY 21-Jul-2026,21-Jul-2026,Call,26050,1.4,0.1,7.69,1.1,1.4,1.05,1.15,5720,6578.0,6578.0,149012578.0,24201,47.0,88,2026-07-13 09:01:48.659643+05:30
NIFTY 21-Jul-2026,21-Jul-2026,Call,26100,1.15,-0.2,-14.81,1.05,1.55,1.0,1.15,5655,6899.1,6899.1,147602399.1,24201,96.0,87,2026-07-13 09:01:48.659643+05:30
NIFTY 21-Jul-2026,21-Jul-2026,Put,24650,455.95,-173.85,-27.6,477.3,502.0,444.1,457.15,5135,2421101.15,2421101.15,128998851.15,24201,68.0,79,2026-07-13 09:01:48.659643+05:30
NIFTY 21-Jul-2026,21-Jul-2026,Call,23650,636.5,211.35,49.71,558.35,636.5,558.35,624.3,3250,1938040.0,1938040.0,78800540.0,24201,83.0,50,2026-07-13 09:01:48.659643+05:30
NIFTY 21-Jul-2026,21-Jul-2026,Put,24900,679.2,-139.2,-17.01,727.95,727.95,677.15,678.1,2990,2056761.2,2056761.2,76507761.2,24201,58.0,46,2026-07-13 09:01:48.659643+05:30
NIFTY 21-Jul-2026,21-Jul-2026,Put,25500,1262.1,-158.6,-11.16,1280.0,1314.0,1260.25,1281.0,2405,3081526.5,3081526.5,64409026.5,24201,50.0,37,2026-07-13 09:01:48.659643+05:30
NIFTY 21-Jul-2026,21-Jul-2026,Call,23550,709.7,178.05,33.49,670.65,710.0,662.9,705.15,2275,1583309.0,1583309.0,55159559.0,24201,43.0,35,2026-07-13 09:01:48.659643+05:30
NIFTY 21-Jul-2026,21-Jul-2026,Put,25200,967.95,-162.05,-14.34,1047.2,1047.2,967.7,971.5,2145,2129491.65,2129491.65,56183491.65,24201,12.0,33,2026-07-13 09:01:48.659643+05:30
NIFTY 21-Jul-2026,21-Jul-2026,Put,24750,539.85,-248.4,-31.51,577.0,577.1,534.35,542.8,1690,922148.5,922148.5,42749648.5,24201,32.0,26,2026-07-13 09:01:48.659643+05:30
NIFTY 21-Jul-2026,21-Jul-2026,Call,23400,852.4,224.6,35.78,807.5,852.4,801.75,847.45,1690,1387997.0,1387997.0,40933997.0,24201,131.0,26,2026-07-13 09:01:48.659643+05:30
NIFTY 21-Jul-2026,21-Jul-2026,Call,23200,1021.7,202.65,24.74,1000.0,1033.85,1000.0,1021.7,1625,1658263.75,1658263.75,39358263.75,24201,26.0,25,2026-07-13 09:01:48.659643+05:30
NIFTY 21-Jul-2026,21-Jul-2026,Put,25100,870.0,-229.75,-20.89,1103.3,1103.3,869.75,872.45,1365,1223558.7,1223558.7,35485058.7,24201,16.0,21,2026-07-13 09:01:48.659643+05:30
NIFTY 21-Jul-2026,21-Jul-2026,Call,23100,1140.4,312.3,37.71,1120.0,1140.55,1118.0,1140.5,845,955449.95,955449.95,20474949.95,24201,12.0,13,2026-07-13 09:01:48.659643+05:30
NIFTY 21-Jul-2026,21-Jul-2026,Put,26000,1755.0,-135.0,-7.14,1800.0,1800.0,1755.0,1756.8,715,1263605.2,1263605.2,19853605.2,24201,13.0,11,2026-07-13 09:01:48.659643+05:30
NIFTY 21-Jul-2026,21-Jul-2026,Put,24850,631.6,-192.6,-23.37,605.15,641.3,605.15,630.85,650,407381.0,407381.0,16559881.0,24201,26.0,10,2026-07-13 09:01:48.659643+05:30
NIFTY 21-Jul-2026,21-Jul-2026,Put,25800,1590.0,-200.0,-11.17,1580.0,1600.0,1575.0,1590.0,520,826800.0,826800.0,14242800.0,24201,9.0,8,2026-07-13 09:01:48.659643+05:30
NIFTY 21-Jul-2026,21-Jul-2026,Call,23250,975.0,271.0,38.49,956.0,975.0,948.1,975.0,390,376194.0,376194.0,9443694.0,24201,7.0,6,2026-07-13 09:01:48.659643+05:30
NIFTY 21-Jul-2026,21-Jul-2026,Call,22800,1420.0,150.0,11.81,1420.0,1420.0,1420.0,1420.0,195,276900.0,276900.0,4722900.0,24201,3.0,3,2026-07-13 09:01:48.659643+05:30
NIFTY 21-Jul-2026,21-Jul-2026,Put,25600,1410.5,-259.5,-15.54,1419.8,1419.8,1410.5,1410.5,130,183969.5,183969.5,3511969.5,24201,3.0,2,2026-07-13 09:01:48.659643+05:30
NIFTY 21-Jul-2026,21-Jul-2026,Put,25400,1195.0,-290.9,-19.58,1190.0,1195.0,1190.0,1195.0,130,155025.0,155025.0,3457025.0,24201,2.0,2,2026-07-13 09:01:48.659643+05:30
NIFTY 21-Jul-2026,21-Jul-2026,Call,23050,1142.1,290.65,34.14,1153.85,1153.85,1142.1,1142.1,130,149236.1,149236.1,3145736.1,24201,0.0,2,2026-07-13 09:01:48.659643+05:30
NIFTY 21-Jul-2026,21-Jul-2026,Call,22600,1584.2,-4.3,-0.27,1584.2,1584.2,1584.2,1584.2,65,102973.0,102973.0,1571973.0,24201,1.0,1,2026-07-13 09:01:48.659643+05:30
NIFTY 21-Jul-2026,21-Jul-2026,Put,24950,891.3,0.0,0.0,0.0,0.0,0.0,891.3,0,0.0,0.0,0.0,24201,1.0,0,2026-07-13 09:01:48.659643+05:30
NIFTY 21-Jul-2026,21-Jul-2026,Call,22500,1549.0,0.0,0.0,0.0,0.0,0.0,1549.0,0,0.0,0.0,0.0,24201,1.0,0,2026-07-13 09:01:48.659643+05:30
NIFTY 21-Jul-2026,21-Jul-2026,Call,22850,1068.2,-3.8,-0.35,0.0,0.0,0.0,1072.0,0,0.0,0.0,0.0,24201,1.0,0,2026-07-13 09:01:48.659643+05:30
NIFTY 21-Jul-2026,21-Jul-2026,Call,22900,991.6,0.0,0.0,0.0,0.0,0.0,991.6,0,0.0,0.0,0.0,24201,1.0,0,2026-07-13 09:01:48.659643+05:30
NIFTY 21-Jul-2026,21-Jul-2026,Put,25350,1268.75,0.0,0.0,0.0,0.0,0.0,1268.75,0,0.0,0.0,0.0,24201,1.0,0,2026-07-13 09:01:48.659643+05:30
NIFTY 21-Jul-2026,21-Jul-2026,Call,22950,941.0,0.0,0.0,0.0,0.0,0.0,941.0,0,0.0,0.0,0.0,24201,1.0,0,2026-07-13 09:01:48.659643+05:30
NIFTY 21-Jul-2026,21-Jul-2026,Put,25650,1753.65,-5.75,-0.33,0.0,0.0,0.0,1759.4,0,0.0,0.0,0.0,24201,1.0,0,2026-07-13 09:01:48.659643+05:30
NIFTY 21-Jul-2026,21-Jul-2026,Put,25750,1689.35,0.0,0.0,0.0,0.0,0.0,1689.35,0,0.0,0.0,0.0,24201,1.0,0,2026-07-13 09:01:48.659643+05:30
NIFTY 21-Jul-2026,21-Jul-2026,Put,25900,1969.15,-5.9,-0.3,0.0,0.0,0.0,1975.05,0,0.0,0.0,0.0,24201,8.0,0,2026-07-13 09:01:48.659643+05:30
NIFTY 21-Jul-2026,21-Jul-2026,Call,23450,680.0,0.0,0.0,0.0,0.0,0.0,680.0,0,0.0,0.0,0.0,24201,1.0,0,2026-07-13 09:01:48.659643+05:30
NIFTY 21-Jul-2026,21-Jul-2026,Put,25550,1499.75,0.0,0.0,0.0,0.0,0.0,1499.75,0,0.0,0.0,0.0,24201,1.0,0,2026-07-13 09:01:48.659643+05:30
NIFTY 21-Jul-2026,21-Jul-2026,Put,25700,1640.0,0.0,0.0,0.0,0.0,0.0,1640.0,0,0.0,0.0,0.0,24201,1.0,0,2026-07-13 09:01:48.659643+05:30
NIFTY 21-Jul-2026,21-Jul-2026,Call,23150,955.05,0.0,0.0,0.0,0.0,0.0,955.05,0,0.0,0.0,0.0,24201,1.0,0,2026-07-13 09:01:48.659643+05:30
NIFTY 21-Jul-2026,21-Jul-2026,Call,23350,744.0,0.0,0.0,0.0,0.0,0.0,744.0,0,0.0,0.0,0.0,24201,3.0,0,2026-07-13 09:01:48.659643+05:30
NIFTY 21-Jul-2026,21-Jul-2026,Put,25250,1170.3,0.0,0.0,0.0,0.0,0.0,1170.3,0,0.0,0.0,0.0,24201,3.0,0,2026-07-13 09:01:48.659643+05:30
NIFTY 21-Jul-2026,21-Jul-2026,Put,25450,1393.45,0.0,0.0,0.0,0.0,0.0,1393.45,0,0.0,0.0,0.0,24201,1.0,0,2026-07-13 09:01:48.659643+05:30
NIFTY 21-Jul-2026,21-Jul-2026,Call,24200,201.5,77.5,62.5,171.65,217.4,165.05,195.95,7461155,1465967734.4,1465967734.4,182025918734.4,24069.95,19000.0,114787,2026-07-13 09:06:07.328115+05:30
NIFTY 21-Jul-2026,21-Jul-2026,Put,24200,166.55,-170.6,-50.6,235.5,240.0,160.1,172.85,6938555,1290085531.15,1290085531.15,169203116531.15,24069.95,19518.0,106747,2026-07-13 09:06:07.328115+05:30
NIFTY 21-Jul-2026,21-Jul-2026,Call,24500,73.8,26.5,56.03,65.0,83.4,59.9,72.25,4922320,361298288.0,361298288.0,120958138288.0,24069.95,17912.0,75728,2026-07-13 09:06:07.328115+05:30
NIFTY 21-Jul-2026,21-Jul-2026,Put,24000,97.45,-131.15,-57.37,160.05,161.85,92.6,100.3,4849585,544365916.25,544365916.25,116934405916.25,24069.95,25901.0,74609,2026-07-13 09:06:07.328115+05:30
NIFTY 21-Jul-2026,21-Jul-2026,Call,24300,147.8,56.45,61.8,125.0,164.95,123.55,146.1,4289090,629981539.2,629981539.2,104854868539.2,24069.95,16846.0,65986,2026-07-13 09:06:07.328115+05:30
NIFTY 21-Jul-2026,21-Jul-2026,Put,23800,56.15,-89.5,-61.45,86.5,90.6,52.5,57.1,3745625,239982193.75,239982193.75,89385857193.75,24069.95,15785.0,57625,2026-07-13 09:06:07.328115+05:30
NIFTY 21-Jul-2026,21-Jul-2026,Call,24600,50.25,17.35,52.74,44.95,56.3,41.3,47.95,3644615,178659027.3,178659027.3,89836188027.3,24069.95,13849.0,56071,2026-07-13 09:06:07.328115+05:30
NIFTY 21-Jul-2026,21-Jul-2026,Call,25000,9.15,0.65,7.65,10.0,10.85,7.75,9.05,3361475,31228102.75,31228102.75,84068103102.75,24069.95,18895.0,51715,2026-07-13 09:06:07.328115+05:30
NIFTY 21-Jul-2026,21-Jul-2026,Put,23000,10.05,-11.9,-54.21,15.1,15.6,8.8,10.1,3298945,34572943.6,34572943.6,75910307943.6,24069.95,23199.0,50753,2026-07-13 09:06:07.328115+05:30
NIFTY 21-Jul-2026,21-Jul-2026,Call,24400,107.35,41.2,62.28,85.35,119.1,85.35,104.6,3228290,341617647.8,341617647.8,79111893647.8,24069.95,11969.0,49666,2026-07-13 09:06:07.328115+05:30
NIFTY 21-Jul-2026,21-Jul-2026,Put,23500,25.15,-44.95,-64.12,48.15,48.15,20.5,25.5,2975830,85763420.6,85763420.6,70017768420.6,24069.95,14221.0,45782,2026-07-13 09:06:07.328115+05:30
NIFTY 21-Jul-2026,21-Jul-2026,Call,24800,20.8,4.8,30.0,18.05,24.3,17.6,19.8,2940665,60871765.5,60871765.5,72989363765.5,24069.95,13572.0,45241,2026-07-13 09:06:07.328115+05:30
NIFTY 21-Jul-2026,21-Jul-2026,Put,24100,128.5,-154.35,-54.57,200.0,200.0,122.45,132.3,2929290,428408662.5,428408662.5,71024297662.5,24069.95,11400.0,45066,2026-07-13 09:06:07.328115+05:30
NIFTY 21-Jul-2026,21-Jul-2026,Call,24700,33.45,10.55,46.07,30.0,37.0,27.05,30.85,2674815,85219605.9,85219605.9,66153150105.9,24069.95,11742.0,41151,2026-07-13 09:06:07.328115+05:30
NIFTY 21-Jul-2026,21-Jul-2026,Put,23700,42.0,-73.3,-63.57,73.05,85.35,39.15,43.3,2399800,117254228.0,117254228.0,56992514228.0,24069.95,7664.0,36920,2026-07-13 09:06:07.328115+05:30
NIFTY 21-Jul-2026,21-Jul-2026,Call,24100,260.25,97.35,59.76,216.9,279.0,193.0,257.0,2383160,598339981.2,598339981.2,58032495981.2,24069.95,7322.0,36664,2026-07-13 09:06:07.328115+05:30
NIFTY 21-Jul-2026,21-Jul-2026,Put,23900,74.3,-110.1,-59.71,125.05,125.05,69.5,75.8,2266550,193631366.5,193631366.5,54364176366.5,24069.95,9106.0,34870,2026-07-13 09:06:07.328115+05:30
NIFTY 21-Jul-2026,21-Jul-2026,Put,24300,214.3,-194.95,-47.64,309.25,309.25,201.0,222.35,2182050,518476900.5,518476900.5,53542291900.5,24069.95,8909.0,33570,2026-07-13 09:06:07.328115+05:30
NIFTY 21-Jul-2026,21-Jul-2026,Call,24900,13.9,2.5,21.93,14.0,15.7,11.15,12.8,2097420,27623021.4,27623021.4,52253381021.4,24069.95,10885.0,32268,2026-07-13 09:06:07.328115+05:30
NIFTY 21-Jul-2026,21-Jul-2026,Call,24000,329.65,122.1,58.83,262.0,348.9,262.0,323.5,2016170,638198451.8,638198451.8,49026278451.8,24069.95,10949.0,31018,2026-07-13 09:06:07.328115+05:30
NIFTY 21-Jul-2026,21-Jul-2026,Put,23200,13.05,-20.55,-61.16,19.3,20.85,12.2,13.2,1951820,27637771.2,27637771.2,45309861771.2,24069.95,6493.0,30028,2026-07-13 09:06:07.328115+05:30
NIFTY 21-Jul-2026,21-Jul-2026,Put,22500,4.65,-4.1,-46.86,5.95,6.5,4.65,5.35,1650090,8976489.6,8976489.6,37136001489.6,24069.95,13413.0,25386,2026-07-13 09:06:07.328115+05:30
NIFTY 21-Jul-2026,21-Jul-2026,Put,23600,35.0,-56.1,-61.58,51.15,54.35,29.9,32.95,1632150,60601729.5,60601729.5,38579341729.5,24069.95,10171.0,25110,2026-07-13 09:06:07.328115+05:30
NIFTY 21-Jul-2026,21-Jul-2026,Put,24150,146.6,-164.45,-52.87,221.0,221.0,141.4,151.7,1565070,260427648.0,260427648.0,38056868148.0,24069.95,4552.0,24078,2026-07-13 09:06:07.328115+05:30
NIFTY 21-Jul-2026,21-Jul-2026,Put,23300,15.55,-26.2,-62.75,25.1,25.1,14.35,15.7,1530490,26630526.0,26630526.0,35687047526.0,24069.95,8512.0,23546,2026-07-13 09:06:07.328115+05:30
NIFTY 21-Jul-2026,21-Jul-2026,Call,24250,174.35,67.0,62.41,148.0,190.05,144.25,171.05,1488695,253837384.45,253837384.45,36354691134.45,24069.95,4053.0,22903,2026-07-13 09:06:07.328115+05:30
NIFTY 21-Jul-2026,21-Jul-2026,Put,23400,19.3,-35.65,-64.88,36.7,36.7,18.1,19.9,1442155,31914890.15,31914890.15,33778341890.15,24069.95,6803.0,22187,2026-07-13 09:06:07.328115+05:30
NIFTY 21-Jul-2026,21-Jul-2026,Call,24150,231.9,88.8,62.05,200.05,246.55,193.9,225.1,1394055,309243220.65,309243220.65,33975671470.65,24069.95,3244.0,21447,2026-07-13 09:06:07.328115+05:30
NIFTY 21-Jul-2026,21-Jul-2026,Put,23100,11.85,-14.85,-55.62,18.0,19.3,10.45,11.25,1346605,16091929.75,16091929.75,31122667429.75,24069.95,6171.0,20717,2026-07-13 09:06:07.328115+05:30
NIFTY 21-Jul-2026,21-Jul-2026,Call,26000,1.1,-0.25,-18.52,1.35,1.4,1.1,1.15,1221220,1514312.8,1514312.8,31753234312.8,24069.95,13139.0,18788,2026-07-13 09:06:07.328115+05:30
NIFTY 21-Jul-2026,21-Jul-2026,Call,24350,128.15,49.6,63.14,97.8,141.2,97.8,124.45,1207895,150793611.8,150793611.8,29563036861.8,24069.95,3613.0,18583,2026-07-13 09:06:07.328115+05:30
NIFTY 21-Jul-2026,21-Jul-2026,Put,22900,8.6,-9.15,-51.55,11.65,12.0,7.8,8.7,1189500,10693605.0,10693605.0,27250243605.0,24069.95,5871.0,18300,2026-07-13 09:06:07.328115+05:30
NIFTY 21-Jul-2026,21-Jul-2026,Call,25100,6.2,0.0,0.0,7.55,7.55,5.35,6.25,1149460,7322060.2,7322060.2,28858768060.2,24069.95,7976.0,17684,2026-07-13 09:06:07.328115+05:30
NIFTY 21-Jul-2026,21-Jul-2026,Call,25200,5.0,0.4,8.7,4.45,5.4,3.75,4.5,1129115,5216511.3,5216511.3,28458914511.3,24069.95,6632.0,17371,2026-07-13 09:06:07.328115+05:30
NIFTY 21-Jul-2026,21-Jul-2026,Put,23650,37.5,-64.25,-63.14,69.85,70.95,34.7,38.35,1083095,45089244.85,45089244.85,25660285994.85,24069.95,5335.0,16663,2026-07-13 09:06:07.328115+05:30
NIFTY 21-Jul-2026,21-Jul-2026,Call,24450,92.85,36.3,64.19,70.2,100.5,70.2,88.0,1037725,92274507.0,92274507.0,25464650757.0,24069.95,3058.0,15965,2026-07-13 09:06:07.328115+05:30
NIFTY 21-Jul-2026,21-Jul-2026,Call,24750,26.3,7.05,36.62,25.1,30.25,21.95,24.8,981760,25231232.0,25231232.0,24323791232.0,24069.95,2728.0,15104,2026-07-13 09:06:07.328115+05:30
NIFTY 21-Jul-2026,21-Jul-2026,Put,22800,8.25,-6.1,-42.51,9.25,9.45,6.85,7.7,886990,6918522.0,6918522.0,20230290522.0,24069.95,4066.0,13646,2026-07-13 09:06:07.328115+05:30
NIFTY 21-Jul-2026,21-Jul-2026,Call,24550,63.05,23.3,58.62,55.95,68.9,51.9,59.6,833040,50465563.2,50465563.2,20501597563.2,24069.95,2854.0,12816,2026-07-13 09:06:07.328115+05:30
NIFTY 21-Jul-2026,21-Jul-2026,Call,24950,10.95,1.1,11.17,9.45,12.75,9.3,10.4,831545,8847638.8,8847638.8,20755895388.8,24069.95,4371.0,12793,2026-07-13 09:06:07.328115+05:30
NIFTY 21-Jul-2026,21-Jul-2026,Put,24400,272.85,-217.25,-44.33,400.0,400.0,262.8,279.95,815100,241448922.0,241448922.0,20129888922.0,24069.95,4803.0,12540,2026-07-13 09:06:07.328115+05:30
NIFTY 21-Jul-2026,21-Jul-2026,Call,24650,41.45,13.75,49.64,35.6,45.9,34.0,38.6,794235,31682034.15,31682034.15,19609574784.15,24069.95,2588.0,12219,2026-07-13 09:06:07.328115+05:30
NIFTY 21-Jul-2026,21-Jul-2026,Put,22000,3.65,-1.95,-34.82,4.05,4.85,3.2,3.9,786045,3073435.95,3073435.95,17296063435.95,24069.95,5198.0,12093,2026-07-13 09:06:07.328115+05:30
NIFTY 21-Jul-2026,21-Jul-2026,Put,23950,84.65,-121.05,-58.85,145.0,145.0,80.2,87.15,785135,76746946.25,76746946.25,18880730196.25,24069.95,2446.0,12079,2026-07-13 09:06:07.328115+05:30
NIFTY 21-Jul-2026,21-Jul-2026,Call,25500,2.15,-0.5,-18.87,2.65,2.9,2.15,2.3,765245,1890155.15,1890155.15,19515637655.15,24069.95,7259.0,11773,2026-07-13 09:06:07.328115+05:30
NIFTY 21-Jul-2026,21-Jul-2026,Put,23750,47.4,-80.65,-62.98,60.8,77.05,45.2,49.6,758160,42176440.8,42176440.8,18048476440.8,24069.95,3590.0,11664,2026-07-13 09:06:07.328115+05:30
NIFTY 21-Jul-2026,21-Jul-2026,Put,24050,112.9,-141.1,-55.55,160.85,162.65,107.25,115.7,757250,99025582.5,99025582.5,18310888082.5,24069.95,1836.0,11650,2026-07-13 09:06:07.328115+05:30
NIFTY 21-Jul-2026,21-Jul-2026,Put,21600,3.25,-0.95,-22.62,3.15,3.55,2.75,3.3,750685,2462246.8,2462246.8,16217258246.8,24069.95,18593.0,11549,2026-07-13 09:06:07.328115+05:30
NIFTY 21-Jul-2026,21-Jul-2026,Call,25300,3.35,-0.2,-5.63,3.45,3.95,3.0,3.35,736905,2527584.15,2527584.15,18646224084.15,24069.95,5802.0,11337,2026-07-13 09:06:07.328115+05:30
NIFTY 21-Jul-2026,21-Jul-2026,Put,24250,190.1,-183.15,-49.07,285.0,285.0,183.15,195.4,728910,151693460.1,151693460.1,17827760960.1,24069.95,3468.0,11214,2026-07-13 09:06:07.328115+05:30
NIFTY 21-Jul-2026,21-Jul-2026,Put,22600,5.5,-4.55,-45.27,6.55,7.0,5.35,6.1,728715,4437874.35,4437874.35,16473396874.35,24069.95,3249.0,11211,2026-07-13 09:06:07.328115+05:30
NIFTY 21-Jul-2026,21-Jul-2026,Put,23450,22.3,-40.0,-64.21,35.05,35.95,19.9,22.4,705250,17363255.0,17363255.0,16555475755.0,24069.95,1993.0,10850,2026-07-13 09:06:07.328115+05:30
NIFTY 21-Jul-2026,21-Jul-2026,Call,25700,1.25,-0.65,-34.21,1.5,2.15,1.25,1.35,684580,978949.4,978949.4,17594684949.4,24069.95,5546.0,10532,2026-07-13 09:06:07.328115+05:30
NIFTY 21-Jul-2026,21-Jul-2026,Call,25800,1.15,-0.55,-32.35,1.3,1.75,1.15,1.2,652795,835577.6,835577.6,16842946577.6,24069.95,5026.0,10043,2026-07-13 09:06:07.328115+05:30
NIFTY 21-Jul-2026,21-Jul-2026,Put,22700,7.55,-4.55,-37.6,7.95,8.85,5.5,6.9,642980,4475140.8,4475140.8,14600121140.8,24069.95,3092.0,9892,2026-07-13 09:06:07.328115+05:30
NIFTY 21-Jul-2026,21-Jul-2026,Put,23350,16.7,-30.95,-64.95,24.65,24.8,15.9,17.85,596245,11060344.75,11060344.75,13933381094.75,24069.95,4522.0,9173,2026-07-13 09:06:07.328115+05:30
NIFTY 21-Jul-2026,21-Jul-2026,Put,23850,65.1,-100.0,-60.57,140.1,140.1,60.3,65.45,594750,44296980.0,44296980.0,14229084480.0,24069.95,2308.0,9150,2026-07-13 09:06:07.328115+05:30
NIFTY 21-Jul-2026,21-Jul-2026,Put,21800,3.5,-1.6,-31.37,3.3,4.05,3.05,3.7,578630,2123572.1,2123572.1,12616257572.1,24069.95,7655.0,8902,2026-07-13 09:06:07.328115+05:30
NIFTY 21-Jul-2026,21-Jul-2026,Put,24500,345.95,-217.05,-38.55,410.0,431.4,328.55,346.0,574860,209151313.8,209151313.8,14293221313.8,24069.95,5179.0,8844,2026-07-13 09:06:07.328115+05:30
NIFTY 21-Jul-2026,21-Jul-2026,Call,25600,1.55,-0.8,-34.04,2.25,2.45,1.5,1.6,553605,957736.65,957736.65,14173245736.65,24069.95,5464.0,8517,2026-07-13 09:06:07.328115+05:30
NIFTY 21-Jul-2026,21-Jul-2026,Call,23900,412.5,149.85,57.05,349.95,420.8,349.95,399.05,485290,187943111.2,187943111.2,11786374111.2,24069.95,2509.0,7466,2026-07-13 09:06:07.328115+05:30
NIFTY 21-Jul-2026,21-Jul-2026,Call,25400,2.95,-0.2,-6.35,3.15,3.3,2.6,2.8,479115,1408598.1,1408598.1,12170929598.1,24069.95,2995.0,7371,2026-07-13 09:06:07.328115+05:30
NIFTY 21-Jul-2026,21-Jul-2026,Put,23550,28.25,-52.1,-64.84,44.05,44.6,26.25,28.85,441870,14073559.5,14073559.5,10420112059.5,24069.95,2391.0,6798,2026-07-13 09:06:07.328115+05:30
NIFTY 21-Jul-2026,21-Jul-2026,Call,24050,294.1,106.55,56.81,246.0,312.3,244.6,290.75,429130,120649899.5,120649899.5,10441226399.5,24069.95,1070.0,6602,2026-07-13 09:06:07.328115+05:30
NIFTY 21-Jul-2026,21-Jul-2026,Call,24850,17.75,4.25,31.48,16.3,19.6,14.0,16.0,420940,6945510.0,6945510.0,10467304510.0,24069.95,1892.0,6476,2026-07-13 09:06:07.328115+05:30
NIFTY 21-Jul-2026,21-Jul-2026,Call,25900,1.15,-0.35,-23.33,1.15,1.5,1.05,1.15,395395,486335.85,486335.85,10241216835.85,24069.95,2789.0,6083,2026-07-13 09:06:07.328115+05:30
NIFTY 21-Jul-2026,21-Jul-2026,Put,22850,8.7,-7.7,-46.95,10.0,10.05,5.25,8.3,371085,2972390.85,2972390.85,8482264640.85,24069.95,1349.0,5709,2026-07-13 09:06:07.328115+05:30
NIFTY 21-Jul-2026,21-Jul-2026,Call,25150,5.3,-0.1,-1.85,4.55,6.35,4.55,5.45,284895,1569771.45,1569771.45,7166679021.45,24069.95,1807.0,4383,2026-07-13 09:06:07.328115+05:30
NIFTY 21-Jul-2026,21-Jul-2026,Put,23250,14.5,-23.3,-61.64,20.05,20.85,13.3,14.55,274755,4225731.9,4225731.9,6392279481.9,24069.95,1232.0,4227,2026-07-13 09:06:07.328115+05:30
NIFTY 21-Jul-2026,21-Jul-2026,Call,25050,8.35,1.25,17.61,7.2,8.8,6.35,7.5,260715,1976219.7,1976219.7,6532886969.7,24069.95,1355.0,4011,2026-07-13 09:06:07.328115+05:30
NIFTY 21-Jul-2026,21-Jul-2026,Put,22100,3.7,-2.15,-36.75,5.1,5.1,3.45,4.0,253045,1017240.9,1017240.9,5593311740.9,24069.95,2499.0,3893,2026-07-13 09:06:07.328115+05:30
NIFTY 21-Jul-2026,21-Jul-2026,Put,22300,4.2,-3.0,-41.67,5.0,5.2,4.15,4.75,244010,1137086.6,1137086.6,5442560086.6,24069.95,2093.0,3754,2026-07-13 09:06:07.328115+05:30
NIFTY 21-Jul-2026,21-Jul-2026,Put,23150,11.75,-19.0,-61.79,16.95,17.05,11.0,12.3,226720,2942825.6,2942825.6,5251510825.6,24069.95,877.0,3488,2026-07-13 09:06:07.328115+05:30
NIFTY 21-Jul-2026,21-Jul-2026,Put,23050,11.45,-12.35,-51.89,14.2,14.2,9.75,10.7,214240,2360924.8,2360924.8,4940592924.8,24069.95,996.0,3296,2026-07-13 09:06:07.328115+05:30
NIFTY 21-Jul-2026,21-Jul-2026,Call,23800,489.05,167.3,52.0,419.95,505.85,370.0,477.95,207805,96552437.15,96552437.15,5042311437.15,24069.95,2663.0,3197,2026-07-13 09:06:07.328115+05:30
NIFTY 21-Jul-2026,21-Jul-2026,Put,22950,9.2,-10.4,-53.06,11.7,11.95,8.45,9.45,207285,1985790.3,1985790.3,4759176540.3,24069.95,1216.0,3189,2026-07-13 09:06:07.328115+05:30
NIFTY 21-Jul-2026,21-Jul-2026,Call,23950,357.8,124.45,53.33,324.95,385.0,289.25,361.85,191815,67534225.2,67534225.2,4661503475.2,24069.95,479.0,2951,2026-07-13 09:06:07.328115+05:30
NIFTY 21-Jul-2026,21-Jul-2026,Put,24350,243.45,-205.15,-45.73,322.3,322.3,235.75,250.15,186745,49808626.4,49808626.4,4597049376.4,24069.95,1363.0,2873,2026-07-13 09:06:07.328115+05:30
NIFTY 21-Jul-2026,21-Jul-2026,Put,21900,4.05,-1.15,-22.12,3.55,4.15,2.9,3.7,174005,624677.95,624677.95,3811334177.95,24069.95,673.0,2677,2026-07-13 09:06:07.328115+05:30
NIFTY 21-Jul-2026,21-Jul-2026,Put,22400,4.65,-3.15,-40.38,7.0,7.0,4.65,5.2,173160,881384.4,881384.4,3879665384.4,24069.95,1242.0,2664,2026-07-13 09:06:07.328115+05:30
NIFTY 21-Jul-2026,21-Jul-2026,Call,25250,4.1,-0.2,-4.65,3.65,4.65,3.45,3.9,143455,580992.75,580992.75,3622819742.75,24069.95,745.0,2207,2026-07-13 09:06:07.328115+05:30
NIFTY 21-Jul-2026,21-Jul-2026,Put,22200,5.0,-1.5,-23.08,4.25,5.0,3.9,4.35,140855,604267.95,604267.95,3127585267.95,24069.95,967.0,2167,2026-07-13 09:06:07.328115+05:30
NIFTY 21-Jul-2026,21-Jul-2026,Put,22750,6.85,-6.75,-49.63,9.1,9.8,6.45,7.3,122525,914036.5,914036.5,2788357786.5,24069.95,689.0,1885,2026-07-13 09:06:07.328115+05:30
NIFTY 21-Jul-2026,21-Jul-2026,Call,25850,1.5,-0.25,-14.29,1.5,1.65,1.15,1.3,112970,164936.2,164936.2,2920439436.2,24069.95,845.0,1738,2026-07-13 09:06:07.328115+05:30
NIFTY 21-Jul-2026,21-Jul-2026,Call,26200,1.1,-0.1,-8.33,1.15,1.25,1.0,1.05,104260,111558.2,111558.2,2731723558.2,24069.95,1156.0,1604,2026-07-13 09:06:07.328115+05:30
NIFTY 21-Jul-2026,21-Jul-2026,Put,24600,422.65,-211.55,-33.36,550.0,550.0,407.65,421.9,85605,37722699.3,37722699.3,2143605699.3,24069.95,1018.0,1317,2026-07-13 09:06:07.328115+05:30
NIFTY 21-Jul-2026,21-Jul-2026,Put,21700,3.15,-1.45,-31.52,3.4,3.85,2.75,3.5,84500,285610.0,285610.0,1833935610.0,24069.95,818.0,1300,2026-07-13 09:06:07.328115+05:30
NIFTY 21-Jul-2026,21-Jul-2026,Put,22550,5.0,-4.55,-47.64,6.35,6.6,5.0,5.8,84435,489723.0,489723.0,1904498973.0,24069.95,576.0,1299,2026-07-13 09:06:07.328115+05:30
NIFTY 21-Jul-2026,21-Jul-2026,Call,23700,578.95,188.5,48.28,400.0,585.8,400.0,570.0,71110,39399206.6,39399206.6,1724706206.6,24069.95,782.0,1094,2026-07-13 09:06:07.328115+05:30
NIFTY 21-Jul-2026,21-Jul-2026,Call,25550,1.75,-0.65,-27.08,2.35,2.7,1.75,2.0,70070,156956.8,156956.8,1790445456.8,24069.95,521.0,1078,2026-07-13 09:06:07.328115+05:30
NIFTY 21-Jul-2026,21-Jul-2026,Call,25650,1.5,-0.65,-30.23,1.95,2.5,1.5,1.6,67860,115362.0,115362.0,1740724362.0,24069.95,1058.0,1044,2026-07-13 09:06:07.328115+05:30
NIFTY 21-Jul-2026,21-Jul-2026,Put,24450,305.85,-219.4,-41.77,383.8,383.9,297.65,311.45,59670,19719741.6,19719741.6,1478651241.6,24069.95,653.0,918,2026-07-13 09:06:07.328115+05:30
NIFTY 21-Jul-2026,21-Jul-2026,Put,22650,5.15,-6.4,-55.41,7.5,10.65,5.1,6.5,58175,377555.75,377555.75,1318041305.75,24069.95,466.0,895,2026-07-13 09:06:07.328115+05:30
NIFTY 21-Jul-2026,21-Jul-2026,Put,22450,5.05,-3.15,-38.41,5.65,5.8,4.65,5.4,57850,310076.0,310076.0,1299042576.0,24069.95,219.0,890,2026-07-13 09:06:07.328115+05:30
NIFTY 21-Jul-2026,21-Jul-2026,Call,23500,754.95,207.75,37.97,654.45,775.0,654.45,747.25,53690,39497585.4,39497585.4,1301212585.4,24069.95,1081.0,826,2026-07-13 09:06:07.328115+05:30
NIFTY 21-Jul-2026,21-Jul-2026,Call,25350,3.6,0.1,2.86,3.15,3.65,2.65,3.1,52975,168990.25,168990.25,1343085240.25,24069.95,291.0,815,2026-07-13 09:06:07.328115+05:30
NIFTY 21-Jul-2026,21-Jul-2026,Put,24700,496.0,-215.95,-30.33,551.95,552.8,487.95,503.45,47060,24598262.0,24598262.0,1186980262.0,24069.95,499.0,724,2026-07-13 09:06:07.328115+05:30
NIFTY 21-Jul-2026,21-Jul-2026,Call,25450,2.55,-0.25,-8.93,2.95,3.05,2.1,2.4,42965,110849.7,110849.7,1093570099.7,24069.95,202.0,661,2026-07-13 09:06:07.328115+05:30
NIFTY 21-Jul-2026,21-Jul-2026,Call,23850,450.25,161.45,55.9,395.95,452.1,393.2,438.85,41860,17849522.6,17849522.6,1016210522.6,24069.95,285.0,644,2026-07-13 09:06:07.328115+05:30
NIFTY 21-Jul-2026,21-Jul-2026,Call,23600,665.4,193.7,41.06,599.0,670.0,593.85,645.6,35555,22654934.9,22654934.9,861752934.9,24069.95,297.0,547,2026-07-13 09:06:07.328115+05:30
NIFTY 21-Jul-2026,21-Jul-2026,Put,25000,775.0,-235.05,-23.27,850.0,850.0,767.2,782.75,34450,27522105.0,27522105.0,888772105.0,24069.95,397.0,530,2026-07-13 09:06:07.328115+05:30
NIFTY 21-Jul-2026,21-Jul-2026,Put,22050,3.8,-1.95,-33.91,3.65,4.3,3.3,3.95,33540,129464.4,129464.4,739686464.4,24069.95,2690.0,516,2026-07-13 09:06:07.328115+05:30
NIFTY 21-Jul-2026,21-Jul-2026,Put,22250,4.55,-2.3,-33.58,4.75,5.1,3.9,4.6,31395,140649.6,140649.6,698679399.6,24069.95,443.0,483,2026-07-13 09:06:07.328115+05:30
NIFTY 21-Jul-2026,21-Jul-2026,Put,24550,374.1,-220.4,-37.07,427.75,432.15,367.55,383.55,28470,11315970.9,11315970.9,710254470.9,24069.95,252.0,438,2026-07-13 09:06:07.328115+05:30
NIFTY 21-Jul-2026,21-Jul-2026,Put,21950,4.25,-0.95,-18.27,3.5,4.25,3.0,3.7,26390,101073.7,101073.7,579361573.7,24069.95,76.0,406,2026-07-13 09:06:07.328115+05:30
NIFTY 21-Jul-2026,21-Jul-2026,Put,22350,4.35,-3.2,-42.38,5.35,5.35,4.35,4.85,23790,115619.4,115619.4,531822119.4,24069.95,135.0,366,2026-07-13 09:06:07.328115+05:30
NIFTY 21-Jul-2026,21-Jul-2026,Call,25750,1.4,-0.45,-24.32,2.0,2.0,1.3,1.4,20995,32752.2,32752.2,540654002.2,24069.95,340.0,323,2026-07-13 09:06:07.328115+05:30
NIFTY 21-Jul-2026,21-Jul-2026,Put,21650,3.3,-1.25,-27.47,3.05,3.7,2.9,3.65,18720,64022.4,64022.4,405352022.4,24069.95,37.0,288,2026-07-13 09:06:07.328115+05:30
NIFTY 21-Jul-2026,21-Jul-2026,Put,21750,3.75,-1.1,-22.68,3.45,4.0,2.7,3.65,18265,64658.1,64658.1,397328408.1,24069.95,31.0,281,2026-07-13 09:06:07.328115+05:30
NIFTY 21-Jul-2026,21-Jul-2026,Call,26150,1.3,0.05,4.0,1.1,1.3,1.0,1.1,16640,18137.6,18137.6,435154137.6,24069.95,152.0,256,2026-07-13 09:06:07.328115+05:30
NIFTY 21-Jul-2026,21-Jul-2026,Put,22150,4.15,-1.45,-25.89,4.2,4.65,3.6,4.2,16380,67977.0,67977.0,362884977.0,24069.95,120.0,252,2026-07-13 09:06:07.328115+05:30
NIFTY 21-Jul-2026,21-Jul-2026,Put,24800,585.7,-255.9,-30.41,662.95,663.0,582.2,585.95,13780,8334833.0,8334833.0,350078833.0,24069.95,181.0,212,2026-07-13 09:06:07.328115+05:30
NIFTY 21-Jul-2026,21-Jul-2026,Call,25950,1.1,-0.5,-31.25,1.35,1.5,1.1,1.15,13520,16629.6,16629.6,350860629.6,24069.95,99.0,208,2026-07-13 09:06:07.328115+05:30
NIFTY 21-Jul-2026,21-Jul-2026,Call,23000,1238.15,234.2,23.33,1152.65,1245.85,1152.65,1235.3,10010,12073961.9,12073961.9,242303961.9,24069.95,181.0,154,2026-07-13 09:06:07.328115+05:30
NIFTY 21-Jul-2026,21-Jul-2026,Call,23750,529.65,171.75,47.99,479.95,531.9,479.95,521.5,7475,3787208.75,3787208.75,181318458.75,24069.95,126.0,115,2026-07-13 09:06:07.328115+05:30
NIFTY 21-Jul-2026,21-Jul-2026,Put,21850,3.4,-1.55,-31.31,3.55,3.9,2.9,3.5,7150,25668.5,25668.5,156253168.5,24069.95,44.0,110,2026-07-13 09:06:07.328115+05:30
NIFTY 21-Jul-2026,21-Jul-2026,Call,23300,944.65,216.1,29.66,910.3,947.2,897.4,946.05,6110,5676312.2,5676312.2,148039312.2,24069.95,233.0,94,2026-07-13 09:06:07.328115+05:30
NIFTY 21-Jul-2026,21-Jul-2026,Call,26050,1.4,0.1,7.69,1.1,1.4,1.05,1.15,5720,6578.0,6578.0,149012578.0,24069.95,47.0,88,2026-07-13 09:06:07.328115+05:30
NIFTY 21-Jul-2026,21-Jul-2026,Call,26100,1.15,-0.2,-14.81,1.05,1.55,1.0,1.15,5655,6899.1,6899.1,147602399.1,24069.95,96.0,87,2026-07-13 09:06:07.328115+05:30
NIFTY 21-Jul-2026,21-Jul-2026,Put,24650,455.95,-173.85,-27.6,477.3,502.0,444.1,457.15,5135,2421101.15,2421101.15,128998851.15,24069.95,68.0,79,2026-07-13 09:06:07.328115+05:30
NIFTY 21-Jul-2026,21-Jul-2026,Call,23650,636.5,211.35,49.71,558.35,636.5,558.35,624.3,3250,1938040.0,1938040.0,78800540.0,24069.95,83.0,50,2026-07-13 09:06:07.328115+05:30
NIFTY 21-Jul-2026,21-Jul-2026,Put,24900,679.2,-139.2,-17.01,727.95,727.95,677.15,678.1,2990,2056761.2,2056761.2,76507761.2,24069.95,58.0,46,2026-07-13 09:06:07.328115+05:30
NIFTY 21-Jul-2026,21-Jul-2026,Put,25500,1262.1,-158.6,-11.16,1280.0,1314.0,1260.25,1281.0,2405,3081526.5,3081526.5,64409026.5,24069.95,50.0,37,2026-07-13 09:06:07.328115+05:30
NIFTY 21-Jul-2026,21-Jul-2026,Call,23550,709.7,178.05,33.49,670.65,710.0,662.9,705.15,2275,1583309.0,1583309.0,55159559.0,24069.95,43.0,35,2026-07-13 09:06:07.328115+05:30
NIFTY 21-Jul-2026,21-Jul-2026,Put,25200,967.95,-162.05,-14.34,1047.2,1047.2,967.7,971.5,2145,2129491.65,2129491.65,56183491.65,24069.95,12.0,33,2026-07-13 09:06:07.328115+05:30
NIFTY 21-Jul-2026,21-Jul-2026,Put,24750,539.85,-248.4,-31.51,577.0,577.1,534.35,542.8,1690,922148.5,922148.5,42749648.5,24069.95,32.0,26,2026-07-13 09:06:07.328115+05:30
NIFTY 21-Jul-2026,21-Jul-2026,Call,23400,852.4,224.6,35.78,807.5,852.4,801.75,847.45,1690,1387997.0,1387997.0,40933997.0,24069.95,131.0,26,2026-07-13 09:06:07.328115+05:30
NIFTY 21-Jul-2026,21-Jul-2026,Call,23200,1021.7,202.65,24.74,1000.0,1033.85,1000.0,1021.7,1625,1658263.75,1658263.75,39358263.75,24069.95,26.0,25,2026-07-13 09:06:07.328115+05:30
NIFTY 21-Jul-2026,21-Jul-2026,Put,25100,870.0,-229.75,-20.89,1103.3,1103.3,869.75,872.45,1365,1223558.7,1223558.7,35485058.7,24069.95,16.0,21,2026-07-13 09:06:07.328115+05:30
NIFTY 21-Jul-2026,21-Jul-2026,Call,23100,1140.4,312.3,37.71,1120.0,1140.55,1118.0,1140.5,845,955449.95,955449.95,20474949.95,24069.95,12.0,13,2026-07-13 09:06:07.328115+05:30
NIFTY 21-Jul-2026,21-Jul-2026,Put,26000,1755.0,-135.0,-7.14,1800.0,1800.0,1755.0,1756.8,715,1263605.2,1263605.2,19853605.2,24069.95,13.0,11,2026-07-13 09:06:07.328115+05:30
NIFTY 21-Jul-2026,21-Jul-2026,Put,24850,631.6,-192.6,-23.37,605.15,641.3,605.15,630.85,650,407381.0,407381.0,16559881.0,24069.95,26.0,10,2026-07-13 09:06:07.328115+05:30
NIFTY 21-Jul-2026,21-Jul-2026,Put,25800,1590.0,-200.0,-11.17,1580.0,1600.0,1575.0,1590.0,520,826800.0,826800.0,14242800.0,24069.95,9.0,8,2026-07-13 09:06:07.328115+05:30
NIFTY 21-Jul-2026,21-Jul-2026,Call,23250,975.0,271.0,38.49,956.0,975.0,948.1,975.0,390,376194.0,376194.0,9443694.0,24069.95,7.0,6,2026-07-13 09:06:07.328115+05:30
NIFTY 21-Jul-2026,21-Jul-2026,Call,22800,1420.0,150.0,11.81,1420.0,1420.0,1420.0,1420.0,195,276900.0,276900.0,4722900.0,24069.95,3.0,3,2026-07-13 09:06:07.328115+05:30
NIFTY 21-Jul-2026,21-Jul-2026,Put,25600,1410.5,-259.5,-15.54,1419.8,1419.8,1410.5,1410.5,130,183969.5,183969.5,3511969.5,24069.95,3.0,2,2026-07-13 09:06:07.328115+05:30
NIFTY 21-Jul-2026,21-Jul-2026,Put,25400,1195.0,-290.9,-19.58,1190.0,1195.0,1190.0,1195.0,130,155025.0,155025.0,3457025.0,24069.95,2.0,2,2026-07-13 09:06:07.328115+05:30
NIFTY 21-Jul-2026,21-Jul-2026,Call,23050,1142.1,290.65,34.14,1153.85,1153.85,1142.1,1142.1,130,149236.1,149236.1,3145736.1,24069.95,0.0,2,2026-07-13 09:06:07.328115+05:30
NIFTY 21-Jul-2026,21-Jul-2026,Call,22600,1584.2,-4.3,-0.27,1584.2,1584.2,1584.2,1584.2,65,102973.0,102973.0,1571973.0,24069.95,1.0,1,2026-07-13 09:06:07.328115+05:30
NIFTY 21-Jul-2026,21-Jul-2026,Call,22500,1549.0,0.0,0.0,0.0,0.0,0.0,1549.0,0,0.0,0.0,0.0,24069.95,1.0,0,2026-07-13 09:06:07.328115+05:30
NIFTY 21-Jul-2026,21-Jul-2026,Call,22950,941.0,0.0,0.0,0.0,0.0,0.0,941.0,0,0.0,0.0,0.0,24069.95,1.0,0,2026-07-13 09:06:07.328115+05:30
NIFTY 21-Jul-2026,21-Jul-2026,Put,24950,891.3,0.0,0.0,0.0,0.0,0.0,891.3,0,0.0,0.0,0.0,24069.95,1.0,0,2026-07-13 09:06:07.328115+05:30
NIFTY 21-Jul-2026,21-Jul-2026,Put,25450,1393.45,0.0,0.0,0.0,0.0,0.0,1393.45,0,0.0,0.0,0.0,24069.95,1.0,0,2026-07-13 09:06:07.328115+05:30
NIFTY 21-Jul-2026,21-Jul-2026,Put,25250,1170.3,0.0,0.0,0.0,0.0,0.0,1170.3,0,0.0,0.0,0.0,24069.95,3.0,0,2026-07-13 09:06:07.328115+05:30
NIFTY 21-Jul-2026,21-Jul-2026,Put,25650,1753.65,-5.75,-0.33,0.0,0.0,0.0,1759.4,0,0.0,0.0,0.0,24069.95,1.0,0,2026-07-13 09:06:07.328115+05:30
NIFTY 21-Jul-2026,21-Jul-2026,Call,23350,744.0,0.0,0.0,0.0,0.0,0.0,744.0,0,0.0,0.0,0.0,24069.95,3.0,0,2026-07-13 09:06:07.328115+05:30
NIFTY 21-Jul-2026,21-Jul-2026,Put,25900,1969.15,-5.9,-0.3,0.0,0.0,0.0,1975.05,0,0.0,0.0,0.0,24069.95,8.0,0,2026-07-13 09:06:07.328115+05:30
NIFTY 21-Jul-2026,21-Jul-2026,Call,22850,1068.2,-3.8,-0.35,0.0,0.0,0.0,1072.0,0,0.0,0.0,0.0,24069.95,1.0,0,2026-07-13 09:06:07.328115+05:30
NIFTY 21-Jul-2026,21-Jul-2026,Put,25350,1268.75,0.0,0.0,0.0,0.0,0.0,1268.75,0,0.0,0.0,0.0,24069.95,1.0,0,2026-07-13 09:06:07.328115+05:30
NIFTY 21-Jul-2026,21-Jul-2026,Call,22900,991.6,0.0,0.0,0.0,0.0,0.0,991.6,0,0.0,0.0,0.0,24069.95,1.0,0,2026-07-13 09:06:07.328115+05:30
NIFTY 21-Jul-2026,21-Jul-2026,Call,23450,680.0,0.0,0.0,0.0,0.0,0.0,680.0,0,0.0,0.0,0.0,24069.95,1.0,0,2026-07-13 09:06:07.328115+05:30
NIFTY 21-Jul-2026,21-Jul-2026,Put,25550,1499.75,0.0,0.0,0.0,0.0,0.0,1499.75,0,0.0,0.0,0.0,24069.95,1.0,0,2026-07-13 09:06:07.328115+05:30
NIFTY 21-Jul-2026,21-Jul-2026,Put,25700,1640.0,0.0,0.0,0.0,0.0,0.0,1640.0,0,0.0,0.0,0.0,24069.95,1.0,0,2026-07-13 09:06:07.328115+05:30
NIFTY 21-Jul-2026,21-Jul-2026,Put,25750,1689.35,0.0,0.0,0.0,0.0,0.0,1689.35,0,0.0,0.0,0.0,24069.95,1.0,0,2026-07-13 09:06:07.328115+05:30
NIFTY 21-Jul-2026,21-Jul-2026,Call,23150,955.05,0.0,0.0,0.0,0.0,0.0,955.05,0,0.0,0.0,0.0,24069.95,1.0,0,2026-07-13 09:06:07.328115+05:30
NIFTY 21-Jul-2026,21-Jul-2026,Call,24200,201.5,77.5,62.5,171.65,217.4,165.05,195.95,7461155,1465967734.4,1465967734.4,182025918734.4,24039.4,19000.0,114787,2026-07-13 09:11:33.054497+05:30
NIFTY 21-Jul-2026,21-Jul-2026,Put,24200,166.55,-170.6,-50.6,235.5,240.0,160.1,172.85,6938555,1290085531.15,1290085531.15,169203116531.15,24039.4,19518.0,106747,2026-07-13 09:11:33.054497+05:30
NIFTY 21-Jul-2026,21-Jul-2026,Call,24500,73.8,26.5,56.03,65.0,83.4,59.9,72.25,4922320,361298288.0,361298288.0,120958138288.0,24039.4,17912.0,75728,2026-07-13 09:11:33.054497+05:30
NIFTY 21-Jul-2026,21-Jul-2026,Put,24000,97.45,-131.15,-57.37,160.05,161.85,92.6,100.3,4849585,544365916.25,544365916.25,116934405916.25,24039.4,25901.0,74609,2026-07-13 09:11:33.054497+05:30
NIFTY 21-Jul-2026,21-Jul-2026,Call,24300,147.8,56.45,61.8,125.0,164.95,123.55,146.1,4289090,629981539.2,629981539.2,104854868539.2,24039.4,16846.0,65986,2026-07-13 09:11:33.054497+05:30
NIFTY 21-Jul-2026,21-Jul-2026,Put,23800,56.15,-89.5,-61.45,86.5,90.6,52.5,57.1,3745625,239982193.75,239982193.75,89385857193.75,24039.4,15785.0,57625,2026-07-13 09:11:33.054497+05:30
NIFTY 21-Jul-2026,21-Jul-2026,Call,24600,50.25,17.35,52.74,44.95,56.3,41.3,47.95,3644615,178659027.3,178659027.3,89836188027.3,24039.4,13849.0,56071,2026-07-13 09:11:33.054497+05:30
NIFTY 21-Jul-2026,21-Jul-2026,Call,25000,9.15,0.65,7.65,10.0,10.85,7.75,9.05,3361475,31228102.75,31228102.75,84068103102.75,24039.4,18895.0,51715,2026-07-13 09:11:33.054497+05:30
NIFTY 21-Jul-2026,21-Jul-2026,Put,23000,10.05,-11.9,-54.21,15.1,15.6,8.8,10.1,3298945,34572943.6,34572943.6,75910307943.6,24039.4,23199.0,50753,2026-07-13 09:11:33.054497+05:30
NIFTY 21-Jul-2026,21-Jul-2026,Call,24400,107.35,41.2,62.28,85.35,119.1,85.35,104.6,3228290,341617647.8,341617647.8,79111893647.8,24039.4,11969.0,49666,2026-07-13 09:11:33.054497+05:30
NIFTY 21-Jul-2026,21-Jul-2026,Put,23500,25.15,-44.95,-64.12,48.15,48.15,20.5,25.5,2975830,85763420.6,85763420.6,70017768420.6,24039.4,14221.0,45782,2026-07-13 09:11:33.054497+05:30
NIFTY 21-Jul-2026,21-Jul-2026,Call,24800,20.8,4.8,30.0,18.05,24.3,17.6,19.8,2940665,60871765.5,60871765.5,72989363765.5,24039.4,13572.0,45241,2026-07-13 09:11:33.054497+05:30
NIFTY 21-Jul-2026,21-Jul-2026,Put,24100,128.5,-154.35,-54.57,200.0,200.0,122.45,132.3,2929290,428408662.5,428408662.5,71024297662.5,24039.4,11400.0,45066,2026-07-13 09:11:33.054497+05:30
NIFTY 21-Jul-2026,21-Jul-2026,Call,24700,33.45,10.55,46.07,30.0,37.0,27.05,30.85,2674815,85219605.9,85219605.9,66153150105.9,24039.4,11742.0,41151,2026-07-13 09:11:33.054497+05:30
NIFTY 21-Jul-2026,21-Jul-2026,Put,23700,42.0,-73.3,-63.57,73.05,85.35,39.15,43.3,2399800,117254228.0,117254228.0,56992514228.0,24039.4,7664.0,36920,2026-07-13 09:11:33.054497+05:30
NIFTY 21-Jul-2026,21-Jul-2026,Call,24100,260.25,97.35,59.76,216.9,279.0,193.0,257.0,2383160,598339981.2,598339981.2,58032495981.2,24039.4,7322.0,36664,2026-07-13 09:11:33.054497+05:30
NIFTY 21-Jul-2026,21-Jul-2026,Put,23900,74.3,-110.1,-59.71,125.05,125.05,69.5,75.8,2266550,193631366.5,193631366.5,54364176366.5,24039.4,9106.0,34870,2026-07-13 09:11:33.054497+05:30
NIFTY 21-Jul-2026,21-Jul-2026,Put,24300,214.3,-194.95,-47.64,309.25,309.25,201.0,222.35,2182050,518476900.5,518476900.5,53542291900.5,24039.4,8909.0,33570,2026-07-13 09:11:33.054497+05:30
NIFTY 21-Jul-2026,21-Jul-2026,Call,24900,13.9,2.5,21.93,14.0,15.7,11.15,12.8,2097420,27623021.4,27623021.4,52253381021.4,24039.4,10885.0,32268,2026-07-13 09:11:33.054497+05:30
NIFTY 21-Jul-2026,21-Jul-2026,Call,24000,329.65,122.1,58.83,262.0,348.9,262.0,323.5,2016170,638198451.8,638198451.8,49026278451.8,24039.4,10949.0,31018,2026-07-13 09:11:33.054497+05:30
NIFTY 21-Jul-2026,21-Jul-2026,Put,23200,13.05,-20.55,-61.16,19.3,20.85,12.2,13.2,1951820,27637771.2,27637771.2,45309861771.2,24039.4,6493.0,30028,2026-07-13 09:11:33.054497+05:30
NIFTY 21-Jul-2026,21-Jul-2026,Put,22500,4.65,-4.1,-46.86,5.95,6.5,4.65,5.35,1650090,8976489.6,8976489.6,37136001489.6,24039.4,13413.0,25386,2026-07-13 09:11:33.054497+05:30
NIFTY 21-Jul-2026,21-Jul-2026,Put,23600,35.0,-56.1,-61.58,51.15,54.35,29.9,32.95,1632150,60601729.5,60601729.5,38579341729.5,24039.4,10171.0,25110,2026-07-13 09:11:33.054497+05:30
NIFTY 21-Jul-2026,21-Jul-2026,Put,24150,146.6,-164.45,-52.87,221.0,221.0,141.4,151.7,1565070,260427648.0,260427648.0,38056868148.0,24039.4,4552.0,24078,2026-07-13 09:11:33.054497+05:30
NIFTY 21-Jul-2026,21-Jul-2026,Put,23300,15.55,-26.2,-62.75,25.1,25.1,14.35,15.7,1530490,26630526.0,26630526.0,35687047526.0,24039.4,8512.0,23546,2026-07-13 09:11:33.054497+05:30
NIFTY 21-Jul-2026,21-Jul-2026,Call,24250,174.35,67.0,62.41,148.0,190.05,144.25,171.05,1488695,253837384.45,253837384.45,36354691134.45,24039.4,4053.0,22903,2026-07-13 09:11:33.054497+05:30
NIFTY 21-Jul-2026,21-Jul-2026,Put,23400,19.3,-35.65,-64.88,36.7,36.7,18.1,19.9,1442155,31914890.15,31914890.15,33778341890.15,24039.4,6803.0,22187,2026-07-13 09:11:33.054497+05:30
NIFTY 21-Jul-2026,21-Jul-2026,Call,24150,231.9,88.8,62.05,200.05,246.55,193.9,225.1,1394055,309243220.65,309243220.65,33975671470.65,24039.4,3244.0,21447,2026-07-13 09:11:33.054497+05:30
NIFTY 21-Jul-2026,21-Jul-2026,Put,23100,11.85,-14.85,-55.62,18.0,19.3,10.45,11.25,1346605,16091929.75,16091929.75,31122667429.75,24039.4,6171.0,20717,2026-07-13 09:11:33.054497+05:30
NIFTY 21-Jul-2026,21-Jul-2026,Call,26000,1.1,-0.25,-18.52,1.35,1.4,1.1,1.15,1221220,1514312.8,1514312.8,31753234312.8,24039.4,13139.0,18788,2026-07-13 09:11:33.054497+05:30
NIFTY 21-Jul-2026,21-Jul-2026,Call,24350,128.15,49.6,63.14,97.8,141.2,97.8,124.45,1207895,150793611.8,150793611.8,29563036861.8,24039.4,3613.0,18583,2026-07-13 09:11:33.054497+05:30
NIFTY 21-Jul-2026,21-Jul-2026,Put,22900,8.6,-9.15,-51.55,11.65,12.0,7.8,8.7,1189500,10693605.0,10693605.0,27250243605.0,24039.4,5871.0,18300,2026-07-13 09:11:33.054497+05:30
NIFTY 21-Jul-2026,21-Jul-2026,Call,25100,6.2,0.0,0.0,7.55,7.55,5.35,6.25,1149460,7322060.2,7322060.2,28858768060.2,24039.4,7976.0,17684,2026-07-13 09:11:33.054497+05:30
NIFTY 21-Jul-2026,21-Jul-2026,Call,25200,5.0,0.4,8.7,4.45,5.4,3.75,4.5,1129115,5216511.3,5216511.3,28458914511.3,24039.4,6632.0,17371,2026-07-13 09:11:33.054497+05:30
NIFTY 21-Jul-2026,21-Jul-2026,Put,23650,37.5,-64.25,-63.14,69.85,70.95,34.7,38.35,1083095,45089244.85,45089244.85,25660285994.85,24039.4,5335.0,16663,2026-07-13 09:11:33.054497+05:30
NIFTY 21-Jul-2026,21-Jul-2026,Call,24450,92.85,36.3,64.19,70.2,100.5,70.2,88.0,1037725,92274507.0,92274507.0,25464650757.0,24039.4,3058.0,15965,2026-07-13 09:11:33.054497+05:30
NIFTY 21-Jul-2026,21-Jul-2026,Call,24750,26.3,7.05,36.62,25.1,30.25,21.95,24.8,981760,25231232.0,25231232.0,24323791232.0,24039.4,2728.0,15104,2026-07-13 09:11:33.054497+05:30
NIFTY 21-Jul-2026,21-Jul-2026,Put,22800,8.25,-6.1,-42.51,9.25,9.45,6.85,7.7,886990,6918522.0,6918522.0,20230290522.0,24039.4,4066.0,13646,2026-07-13 09:11:33.054497+05:30
NIFTY 21-Jul-2026,21-Jul-2026,Call,24550,63.05,23.3,58.62,55.95,68.9,51.9,59.6,833040,50465563.2,50465563.2,20501597563.2,24039.4,2854.0,12816,2026-07-13 09:11:33.054497+05:30
NIFTY 21-Jul-2026,21-Jul-2026,Call,24950,10.95,1.1,11.17,9.45,12.75,9.3,10.4,831545,8847638.8,8847638.8,20755895388.8,24039.4,4371.0,12793,2026-07-13 09:11:33.054497+05:30
NIFTY 21-Jul-2026,21-Jul-2026,Put,24400,272.85,-217.25,-44.33,400.0,400.0,262.8,279.95,815100,241448922.0,241448922.0,20129888922.0,24039.4,4803.0,12540,2026-07-13 09:11:33.054497+05:30
NIFTY 21-Jul-2026,21-Jul-2026,Call,24650,41.45,13.75,49.64,35.6,45.9,34.0,38.6,794235,31682034.15,31682034.15,19609574784.15,24039.4,2588.0,12219,2026-07-13 09:11:33.054497+05:30
NIFTY 21-Jul-2026,21-Jul-2026,Put,22000,3.65,-1.95,-34.82,4.05,4.85,3.2,3.9,786045,3073435.95,3073435.95,17296063435.95,24039.4,5198.0,12093,2026-07-13 09:11:33.054497+05:30
NIFTY 21-Jul-2026,21-Jul-2026,Put,23950,84.65,-121.05,-58.85,145.0,145.0,80.2,87.15,785135,76746946.25,76746946.25,18880730196.25,24039.4,2446.0,12079,2026-07-13 09:11:33.054497+05:30
NIFTY 21-Jul-2026,21-Jul-2026,Call,25500,2.15,-0.5,-18.87,2.65,2.9,2.15,2.3,765245,1890155.15,1890155.15,19515637655.15,24039.4,7259.0,11773,2026-07-13 09:11:33.054497+05:30
NIFTY 21-Jul-2026,21-Jul-2026,Put,23750,47.4,-80.65,-62.98,60.8,77.05,45.2,49.6,758160,42176440.8,42176440.8,18048476440.8,24039.4,3590.0,11664,2026-07-13 09:11:33.054497+05:30
NIFTY 21-Jul-2026,21-Jul-2026,Put,24050,112.9,-141.1,-55.55,160.85,162.65,107.25,115.7,757250,99025582.5,99025582.5,18310888082.5,24039.4,1836.0,11650,2026-07-13 09:11:33.054497+05:30
NIFTY 21-Jul-2026,21-Jul-2026,Put,21600,3.25,-0.95,-22.62,3.15,3.55,2.75,3.3,750685,2462246.8,2462246.8,16217258246.8,24039.4,18593.0,11549,2026-07-13 09:11:33.054497+05:30
NIFTY 21-Jul-2026,21-Jul-2026,Call,25300,3.35,-0.2,-5.63,3.45,3.95,3.0,3.35,736905,2527584.15,2527584.15,18646224084.15,24039.4,5802.0,11337,2026-07-13 09:11:33.054497+05:30
NIFTY 21-Jul-2026,21-Jul-2026,Put,24250,190.1,-183.15,-49.07,285.0,285.0,183.15,195.4,728910,151693460.1,151693460.1,17827760960.1,24039.4,3468.0,11214,2026-07-13 09:11:33.054497+05:30
NIFTY 21-Jul-2026,21-Jul-2026,Put,22600,5.5,-4.55,-45.27,6.55,7.0,5.35,6.1,728715,4437874.35,4437874.35,16473396874.35,24039.4,3249.0,11211,2026-07-13 09:11:33.054497+05:30
NIFTY 21-Jul-2026,21-Jul-2026,Put,23450,22.3,-40.0,-64.21,35.05,35.95,19.9,22.4,705250,17363255.0,17363255.0,16555475755.0,24039.4,1993.0,10850,2026-07-13 09:11:33.054497+05:30
NIFTY 21-Jul-2026,21-Jul-2026,Call,25700,1.25,-0.65,-34.21,1.5,2.15,1.25,1.35,684580,978949.4,978949.4,17594684949.4,24039.4,5546.0,10532,2026-07-13 09:11:33.054497+05:30
NIFTY 21-Jul-2026,21-Jul-2026,Call,25800,1.15,-0.55,-32.35,1.3,1.75,1.15,1.2,652795,835577.6,835577.6,16842946577.6,24039.4,5026.0,10043,2026-07-13 09:11:33.054497+05:30
NIFTY 21-Jul-2026,21-Jul-2026,Put,22700,7.55,-4.55,-37.6,7.95,8.85,5.5,6.9,642980,4475140.8,4475140.8,14600121140.8,24039.4,3092.0,9892,2026-07-13 09:11:33.054497+05:30
NIFTY 21-Jul-2026,21-Jul-2026,Put,23350,16.7,-30.95,-64.95,24.65,24.8,15.9,17.85,596245,11060344.75,11060344.75,13933381094.75,24039.4,4522.0,9173,2026-07-13 09:11:33.054497+05:30
NIFTY 21-Jul-2026,21-Jul-2026,Put,23850,65.1,-100.0,-60.57,140.1,140.1,60.3,65.45,594750,44296980.0,44296980.0,14229084480.0,24039.4,2308.0,9150,2026-07-13 09:11:33.054497+05:30
NIFTY 21-Jul-2026,21-Jul-2026,Put,21800,3.5,-1.6,-31.37,3.3,4.05,3.05,3.7,578630,2123572.1,2123572.1,12616257572.1,24039.4,7655.0,8902,2026-07-13 09:11:33.054497+05:30
NIFTY 21-Jul-2026,21-Jul-2026,Put,24500,345.95,-217.05,-38.55,410.0,431.4,328.55,346.0,574860,209151313.8,209151313.8,14293221313.8,24039.4,5179.0,8844,2026-07-13 09:11:33.054497+05:30
NIFTY 21-Jul-2026,21-Jul-2026,Call,25600,1.55,-0.8,-34.04,2.25,2.45,1.5,1.6,553605,957736.65,957736.65,14173245736.65,24039.4,5464.0,8517,2026-07-13 09:11:33.054497+05:30
NIFTY 21-Jul-2026,21-Jul-2026,Call,23900,412.5,149.85,57.05,349.95,420.8,349.95,399.05,485290,187943111.2,187943111.2,11786374111.2,24039.4,2509.0,7466,2026-07-13 09:11:33.054497+05:30
NIFTY 21-Jul-2026,21-Jul-2026,Call,25400,2.95,-0.2,-6.35,3.15,3.3,2.6,2.8,479115,1408598.1,1408598.1,12170929598.1,24039.4,2995.0,7371,2026-07-13 09:11:33.054497+05:30
NIFTY 21-Jul-2026,21-Jul-2026,Put,23550,28.25,-52.1,-64.84,44.05,44.6,26.25,28.85,441870,14073559.5,14073559.5,10420112059.5,24039.4,2391.0,6798,2026-07-13 09:11:33.054497+05:30
NIFTY 21-Jul-2026,21-Jul-2026,Call,24050,294.1,106.55,56.81,246.0,312.3,244.6,290.75,429130,120649899.5,120649899.5,10441226399.5,24039.4,1070.0,6602,2026-07-13 09:11:33.054497+05:30
NIFTY 21-Jul-2026,21-Jul-2026,Call,24850,17.75,4.25,31.48,16.3,19.6,14.0,16.0,420940,6945510.0,6945510.0,10467304510.0,24039.4,1892.0,6476,2026-07-13 09:11:33.054497+05:30
NIFTY 21-Jul-2026,21-Jul-2026,Call,25900,1.15,-0.35,-23.33,1.15,1.5,1.05,1.15,395395,486335.85,486335.85,10241216835.85,24039.4,2789.0,6083,2026-07-13 09:11:33.054497+05:30
NIFTY 21-Jul-2026,21-Jul-2026,Put,22850,8.7,-7.7,-46.95,10.0,10.05,5.25,8.3,371085,2972390.85,2972390.85,8482264640.85,24039.4,1349.0,5709,2026-07-13 09:11:33.054497+05:30
NIFTY 21-Jul-2026,21-Jul-2026,Call,25150,5.3,-0.1,-1.85,4.55,6.35,4.55,5.45,284895,1569771.45,1569771.45,7166679021.45,24039.4,1807.0,4383,2026-07-13 09:11:33.054497+05:30
NIFTY 21-Jul-2026,21-Jul-2026,Put,23250,14.5,-23.3,-61.64,20.05,20.85,13.3,14.55,274755,4225731.9,4225731.9,6392279481.9,24039.4,1232.0,4227,2026-07-13 09:11:33.054497+05:30
NIFTY 21-Jul-2026,21-Jul-2026,Call,25050,8.35,1.25,17.61,7.2,8.8,6.35,7.5,260715,1976219.7,1976219.7,6532886969.7,24039.4,1355.0,4011,2026-07-13 09:11:33.054497+05:30
NIFTY 21-Jul-2026,21-Jul-2026,Put,22100,3.7,-2.15,-36.75,5.1,5.1,3.45,4.0,253045,1017240.9,1017240.9,5593311740.9,24039.4,2499.0,3893,2026-07-13 09:11:33.054497+05:30
NIFTY 21-Jul-2026,21-Jul-2026,Put,22300,4.2,-3.0,-41.67,5.0,5.2,4.15,4.75,244010,1137086.6,1137086.6,5442560086.6,24039.4,2093.0,3754,2026-07-13 09:11:33.054497+05:30
NIFTY 21-Jul-2026,21-Jul-2026,Put,23150,11.75,-19.0,-61.79,16.95,17.05,11.0,12.3,226720,2942825.6,2942825.6,5251510825.6,24039.4,877.0,3488,2026-07-13 09:11:33.054497+05:30
NIFTY 21-Jul-2026,21-Jul-2026,Put,23050,11.45,-12.35,-51.89,14.2,14.2,9.75,10.7,214240,2360924.8,2360924.8,4940592924.8,24039.4,996.0,3296,2026-07-13 09:11:33.054497+05:30
NIFTY 21-Jul-2026,21-Jul-2026,Call,23800,489.05,167.3,52.0,419.95,505.85,370.0,477.95,207805,96552437.15,96552437.15,5042311437.15,24039.4,2663.0,3197,2026-07-13 09:11:33.054497+05:30
NIFTY 21-Jul-2026,21-Jul-2026,Put,22950,9.2,-10.4,-53.06,11.7,11.95,8.45,9.45,207285,1985790.3,1985790.3,4759176540.3,24039.4,1216.0,3189,2026-07-13 09:11:33.054497+05:30
NIFTY 21-Jul-2026,21-Jul-2026,Call,23950,357.8,124.45,53.33,324.95,385.0,289.25,361.85,191815,67534225.2,67534225.2,4661503475.2,24039.4,479.0,2951,2026-07-13 09:11:33.054497+05:30
NIFTY 21-Jul-2026,21-Jul-2026,Put,24350,243.45,-205.15,-45.73,322.3,322.3,235.75,250.15,186745,49808626.4,49808626.4,4597049376.4,24039.4,1363.0,2873,2026-07-13 09:11:33.054497+05:30
NIFTY 21-Jul-2026,21-Jul-2026,Put,21900,4.05,-1.15,-22.12,3.55,4.15,2.9,3.7,174005,624677.95,624677.95,3811334177.95,24039.4,673.0,2677,2026-07-13 09:11:33.054497+05:30
NIFTY 21-Jul-2026,21-Jul-2026,Put,22400,4.65,-3.15,-40.38,7.0,7.0,4.65,5.2,173160,881384.4,881384.4,3879665384.4,24039.4,1242.0,2664,2026-07-13 09:11:33.054497+05:30
NIFTY 21-Jul-2026,21-Jul-2026,Call,25250,4.1,-0.2,-4.65,3.65,4.65,3.45,3.9,143455,580992.75,580992.75,3622819742.75,24039.4,745.0,2207,2026-07-13 09:11:33.054497+05:30
NIFTY 21-Jul-2026,21-Jul-2026,Put,22200,5.0,-1.5,-23.08,4.25,5.0,3.9,4.35,140855,604267.95,604267.95,3127585267.95,24039.4,967.0,2167,2026-07-13 09:11:33.054497+05:30
NIFTY 21-Jul-2026,21-Jul-2026,Put,22750,6.85,-6.75,-49.63,9.1,9.8,6.45,7.3,122525,914036.5,914036.5,2788357786.5,24039.4,689.0,1885,2026-07-13 09:11:33.054497+05:30
NIFTY 21-Jul-2026,21-Jul-2026,Call,25850,1.5,-0.25,-14.29,1.5,1.65,1.15,1.3,112970,164936.2,164936.2,2920439436.2,24039.4,845.0,1738,2026-07-13 09:11:33.054497+05:30
NIFTY 21-Jul-2026,21-Jul-2026,Call,26200,1.1,-0.1,-8.33,1.15,1.25,1.0,1.05,104260,111558.2,111558.2,2731723558.2,24039.4,1156.0,1604,2026-07-13 09:11:33.054497+05:30
NIFTY 21-Jul-2026,21-Jul-2026,Put,24600,422.65,-211.55,-33.36,550.0,550.0,407.65,421.9,85605,37722699.3,37722699.3,2143605699.3,24039.4,1018.0,1317,2026-07-13 09:11:33.054497+05:30
NIFTY 21-Jul-2026,21-Jul-2026,Put,21700,3.15,-1.45,-31.52,3.4,3.85,2.75,3.5,84500,285610.0,285610.0,1833935610.0,24039.4,818.0,1300,2026-07-13 09:11:33.054497+05:30
NIFTY 21-Jul-2026,21-Jul-2026,Put,22550,5.0,-4.55,-47.64,6.35,6.6,5.0,5.8,84435,489723.0,489723.0,1904498973.0,24039.4,576.0,1299,2026-07-13 09:11:33.054497+05:30
NIFTY 21-Jul-2026,21-Jul-2026,Call,23700,578.95,188.5,48.28,400.0,585.8,400.0,570.0,71110,39399206.6,39399206.6,1724706206.6,24039.4,782.0,1094,2026-07-13 09:11:33.054497+05:30
NIFTY 21-Jul-2026,21-Jul-2026,Call,25550,1.75,-0.65,-27.08,2.35,2.7,1.75,2.0,70070,156956.8,156956.8,1790445456.8,24039.4,521.0,1078,2026-07-13 09:11:33.054497+05:30
NIFTY 21-Jul-2026,21-Jul-2026,Call,25650,1.5,-0.65,-30.23,1.95,2.5,1.5,1.6,67860,115362.0,115362.0,1740724362.0,24039.4,1058.0,1044,2026-07-13 09:11:33.054497+05:30
NIFTY 21-Jul-2026,21-Jul-2026,Put,24450,305.85,-219.4,-41.77,383.8,383.9,297.65,311.45,59670,19719741.6,19719741.6,1478651241.6,24039.4,653.0,918,2026-07-13 09:11:33.054497+05:30
NIFTY 21-Jul-2026,21-Jul-2026,Put,22650,5.15,-6.4,-55.41,7.5,10.65,5.1,6.5,58175,377555.75,377555.75,1318041305.75,24039.4,466.0,895,2026-07-13 09:11:33.054497+05:30
NIFTY 21-Jul-2026,21-Jul-2026,Put,22450,5.05,-3.15,-38.41,5.65,5.8,4.65,5.4,57850,310076.0,310076.0,1299042576.0,24039.4,219.0,890,2026-07-13 09:11:33.054497+05:30
NIFTY 21-Jul-2026,21-Jul-2026,Call,23500,754.95,207.75,37.97,654.45,775.0,654.45,747.25,53690,39497585.4,39497585.4,1301212585.4,24039.4,1081.0,826,2026-07-13 09:11:33.054497+05:30
NIFTY 21-Jul-2026,21-Jul-2026,Call,25350,3.6,0.1,2.86,3.15,3.65,2.65,3.1,52975,168990.25,168990.25,1343085240.25,24039.4,291.0,815,2026-07-13 09:11:33.054497+05:30
NIFTY 21-Jul-2026,21-Jul-2026,Put,24700,496.0,-215.95,-30.33,551.95,552.8,487.95,503.45,47060,24598262.0,24598262.0,1186980262.0,24039.4,499.0,724,2026-07-13 09:11:33.054497+05:30
NIFTY 21-Jul-2026,21-Jul-2026,Call,25450,2.55,-0.25,-8.93,2.95,3.05,2.1,2.4,42965,110849.7,110849.7,1093570099.7,24039.4,202.0,661,2026-07-13 09:11:33.054497+05:30
NIFTY 21-Jul-2026,21-Jul-2026,Call,23850,450.25,161.45,55.9,395.95,452.1,393.2,438.85,41860,17849522.6,17849522.6,1016210522.6,24039.4,285.0,644,2026-07-13 09:11:33.054497+05:30
NIFTY 21-Jul-2026,21-Jul-2026,Call,23600,665.4,193.7,41.06,599.0,670.0,593.85,645.6,35555,22654934.9,22654934.9,861752934.9,24039.4,297.0,547,2026-07-13 09:11:33.054497+05:30
NIFTY 21-Jul-2026,21-Jul-2026,Put,25000,775.0,-235.05,-23.27,850.0,850.0,767.2,782.75,34450,27522105.0,27522105.0,888772105.0,24039.4,397.0,530,2026-07-13 09:11:33.054497+05:30
NIFTY 21-Jul-2026,21-Jul-2026,Put,22050,3.8,-1.95,-33.91,3.65,4.3,3.3,3.95,33540,129464.4,129464.4,739686464.4,24039.4,2690.0,516,2026-07-13 09:11:33.054497+05:30
NIFTY 21-Jul-2026,21-Jul-2026,Put,22250,4.55,-2.3,-33.58,4.75,5.1,3.9,4.6,31395,140649.6,140649.6,698679399.6,24039.4,443.0,483,2026-07-13 09:11:33.054497+05:30
NIFTY 21-Jul-2026,21-Jul-2026,Put,24550,374.1,-220.4,-37.07,427.75,432.15,367.55,383.55,28470,11315970.9,11315970.9,710254470.9,24039.4,252.0,438,2026-07-13 09:11:33.054497+05:30
NIFTY 21-Jul-2026,21-Jul-2026,Put,21950,4.25,-0.95,-18.27,3.5,4.25,3.0,3.7,26390,101073.7,101073.7,579361573.7,24039.4,76.0,406,2026-07-13 09:11:33.054497+05:30
NIFTY 21-Jul-2026,21-Jul-2026,Put,22350,4.35,-3.2,-42.38,5.35,5.35,4.35,4.85,23790,115619.4,115619.4,531822119.4,24039.4,135.0,366,2026-07-13 09:11:33.054497+05:30
NIFTY 21-Jul-2026,21-Jul-2026,Call,25750,1.4,-0.45,-24.32,2.0,2.0,1.3,1.4,20995,32752.2,32752.2,540654002.2,24039.4,340.0,323,2026-07-13 09:11:33.054497+05:30
NIFTY 21-Jul-2026,21-Jul-2026,Put,21650,3.3,-1.25,-27.47,3.05,3.7,2.9,3.65,18720,64022.4,64022.4,405352022.4,24039.4,37.0,288,2026-07-13 09:11:33.054497+05:30
NIFTY 21-Jul-2026,21-Jul-2026,Put,21750,3.75,-1.1,-22.68,3.45,4.0,2.7,3.65,18265,64658.1,64658.1,397328408.1,24039.4,31.0,281,2026-07-13 09:11:33.054497+05:30
NIFTY 21-Jul-2026,21-Jul-2026,Call,26150,1.3,0.05,4.0,1.1,1.3,1.0,1.1,16640,18137.6,18137.6,435154137.6,24039.4,152.0,256,2026-07-13 09:11:33.054497+05:30
NIFTY 21-Jul-2026,21-Jul-2026,Put,22150,4.15,-1.45,-25.89,4.2,4.65,3.6,4.2,16380,67977.0,67977.0,362884977.0,24039.4,120.0,252,2026-07-13 09:11:33.054497+05:30
NIFTY 21-Jul-2026,21-Jul-2026,Put,24800,585.7,-255.9,-30.41,662.95,663.0,582.2,585.95,13780,8334833.0,8334833.0,350078833.0,24039.4,181.0,212,2026-07-13 09:11:33.054497+05:30
NIFTY 21-Jul-2026,21-Jul-2026,Call,25950,1.1,-0.5,-31.25,1.35,1.5,1.1,1.15,13520,16629.6,16629.6,350860629.6,24039.4,99.0,208,2026-07-13 09:11:33.054497+05:30
NIFTY 21-Jul-2026,21-Jul-2026,Call,23000,1238.15,234.2,23.33,1152.65,1245.85,1152.65,1235.3,10010,12073961.9,12073961.9,242303961.9,24039.4,181.0,154,2026-07-13 09:11:33.054497+05:30
NIFTY 21-Jul-2026,21-Jul-2026,Call,23750,529.65,171.75,47.99,479.95,531.9,479.95,521.5,7475,3787208.75,3787208.75,181318458.75,24039.4,126.0,115,2026-07-13 09:11:33.054497+05:30
NIFTY 21-Jul-2026,21-Jul-2026,Put,21850,3.4,-1.55,-31.31,3.55,3.9,2.9,3.5,7150,25668.5,25668.5,156253168.5,24039.4,44.0,110,2026-07-13 09:11:33.054497+05:30
NIFTY 21-Jul-2026,21-Jul-2026,Call,23300,944.65,216.1,29.66,910.3,947.2,897.4,946.05,6110,5676312.2,5676312.2,148039312.2,24039.4,233.0,94,2026-07-13 09:11:33.054497+05:30
NIFTY 21-Jul-2026,21-Jul-2026,Call,26050,1.4,0.1,7.69,1.1,1.4,1.05,1.15,5720,6578.0,6578.0,149012578.0,24039.4,47.0,88,2026-07-13 09:11:33.054497+05:30
NIFTY 21-Jul-2026,21-Jul-2026,Call,26100,1.15,-0.2,-14.81,1.05,1.55,1.0,1.15,5655,6899.1,6899.1,147602399.1,24039.4,96.0,87,2026-07-13 09:11:33.054497+05:30
NIFTY 21-Jul-2026,21-Jul-2026,Put,24650,455.95,-173.85,-27.6,477.3,502.0,444.1,457.15,5135,2421101.15,2421101.15,128998851.15,24039.4,68.0,79,2026-07-13 09:11:33.054497+05:30
NIFTY 21-Jul-2026,21-Jul-2026,Call,23650,636.5,211.35,49.71,558.35,636.5,558.35,624.3,3250,1938040.0,1938040.0,78800540.0,24039.4,83.0,50,2026-07-13 09:11:33.054497+05:30
NIFTY 21-Jul-2026,21-Jul-2026,Put,24900,679.2,-139.2,-17.01,727.95,727.95,677.15,678.1,2990,2056761.2,2056761.2,76507761.2,24039.4,58.0,46,2026-07-13 09:11:33.054497+05:30
NIFTY 21-Jul-2026,21-Jul-2026,Put,25500,1262.1,-158.6,-11.16,1280.0,1314.0,1260.25,1281.0,2405,3081526.5,3081526.5,64409026.5,24039.4,50.0,37,2026-07-13 09:11:33.054497+05:30
NIFTY 21-Jul-2026,21-Jul-2026,Call,23550,709.7,178.05,33.49,670.65,710.0,662.9,705.15,2275,1583309.0,1583309.0,55159559.0,24039.4,43.0,35,2026-07-13 09:11:33.054497+05:30
NIFTY 21-Jul-2026,21-Jul-2026,Put,25200,967.95,-162.05,-14.34,1047.2,1047.2,967.7,971.5,2145,2129491.65,2129491.65,56183491.65,24039.4,12.0,33,2026-07-13 09:11:33.054497+05:30
NIFTY 21-Jul-2026,21-Jul-2026,Put,24750,539.85,-248.4,-31.51,577.0,577.1,534.35,542.8,1690,922148.5,922148.5,42749648.5,24039.4,32.0,26,2026-07-13 09:11:33.054497+05:30
NIFTY 21-Jul-2026,21-Jul-2026,Call,23400,852.4,224.6,35.78,807.5,852.4,801.75,847.45,1690,1387997.0,1387997.0,40933997.0,24039.4,131.0,26,2026-07-13 09:11:33.054497+05:30
NIFTY 21-Jul-2026,21-Jul-2026,Call,23200,1021.7,202.65,24.74,1000.0,1033.85,1000.0,1021.7,1625,1658263.75,1658263.75,39358263.75,24039.4,26.0,25,2026-07-13 09:11:33.054497+05:30
NIFTY 21-Jul-2026,21-Jul-2026,Put,25100,870.0,-229.75,-20.89,1103.3,1103.3,869.75,872.45,1365,1223558.7,1223558.7,35485058.7,24039.4,16.0,21,2026-07-13 09:11:33.054497+05:30
NIFTY 21-Jul-2026,21-Jul-2026,Call,23100,1140.4,312.3,37.71,1120.0,1140.55,1118.0,1140.5,845,955449.95,955449.95,20474949.95,24039.4,12.0,13,2026-07-13 09:11:33.054497+05:30
NIFTY 21-Jul-2026,21-Jul-2026,Put,26000,1755.0,-135.0,-7.14,1800.0,1800.0,1755.0,1756.8,715,1263605.2,1263605.2,19853605.2,24039.4,13.0,11,2026-07-13 09:11:33.054497+05:30
NIFTY 21-Jul-2026,21-Jul-2026,Put,24850,631.6,-192.6,-23.37,605.15,641.3,605.15,630.85,650,407381.0,407381.0,16559881.0,24039.4,26.0,10,2026-07-13 09:11:33.054497+05:30
NIFTY 21-Jul-2026,21-Jul-2026,Put,25800,1590.0,-200.0,-11.17,1580.0,1600.0,1575.0,1590.0,520,826800.0,826800.0,14242800.0,24039.4,9.0,8,2026-07-13 09:11:33.054497+05:30
NIFTY 21-Jul-2026,21-Jul-2026,Call,23250,975.0,271.0,38.49,956.0,975.0,948.1,975.0,390,376194.0,376194.0,9443694.0,24039.4,7.0,6,2026-07-13 09:11:33.054497+05:30
NIFTY 21-Jul-2026,21-Jul-2026,Call,22800,1420.0,150.0,11.81,1420.0,1420.0,1420.0,1420.0,195,276900.0,276900.0,4722900.0,24039.4,3.0,3,2026-07-13 09:11:33.054497+05:30
NIFTY 21-Jul-2026,21-Jul-2026,Put,25600,1410.5,-259.5,-15.54,1419.8,1419.8,1410.5,1410.5,130,183969.5,183969.5,3511969.5,24039.4,3.0,2,2026-07-13 09:11:33.054497+05:30
NIFTY 21-Jul-2026,21-Jul-2026,Put,25400,1195.0,-290.9,-19.58,1190.0,1195.0,1190.0,1195.0,130,155025.0,155025.0,3457025.0,24039.4,2.0,2,2026-07-13 09:11:33.054497+05:30
NIFTY 21-Jul-2026,21-Jul-2026,Call,23050,1142.1,290.65,34.14,1153.85,1153.85,1142.1,1142.1,130,149236.1,149236.1,3145736.1,24039.4,0.0,2,2026-07-13 09:11:33.054497+05:30
NIFTY 21-Jul-2026,21-Jul-2026,Call,22600,1584.2,-4.3,-0.27,1584.2,1584.2,1584.2,1584.2,65,102973.0,102973.0,1571973.0,24039.4,1.0,1,2026-07-13 09:11:33.054497+05:30
NIFTY 21-Jul-2026,21-Jul-2026,Put,25550,1499.75,0.0,0.0,0.0,0.0,0.0,1499.75,0,0.0,0.0,0.0,24039.4,1.0,0,2026-07-13 09:11:33.054497+05:30
NIFTY 21-Jul-2026,21-Jul-2026,Put,25900,1969.15,-5.9,-0.3,0.0,0.0,0.0,1975.05,0,0.0,0.0,0.0,24039.4,8.0,0,2026-07-13 09:11:33.054497+05:30
NIFTY 21-Jul-2026,21-Jul-2026,Put,25750,1689.35,0.0,0.0,0.0,0.0,0.0,1689.35,0,0.0,0.0,0.0,24039.4,1.0,0,2026-07-13 09:11:33.054497+05:30
NIFTY 21-Jul-2026,21-Jul-2026,Call,22950,941.0,0.0,0.0,0.0,0.0,0.0,941.0,0,0.0,0.0,0.0,24039.4,1.0,0,2026-07-13 09:11:33.054497+05:30
NIFTY 21-Jul-2026,21-Jul-2026,Put,25650,1753.65,-5.75,-0.33,0.0,0.0,0.0,1759.4,0,0.0,0.0,0.0,24039.4,1.0,0,2026-07-13 09:11:33.054497+05:30
NIFTY 21-Jul-2026,21-Jul-2026,Put,25700,1640.0,0.0,0.0,0.0,0.0,0.0,1640.0,0,0.0,0.0,0.0,24039.4,1.0,0,2026-07-13 09:11:33.054497+05:30
NIFTY 21-Jul-2026,21-Jul-2026,Put,25450,1393.45,0.0,0.0,0.0,0.0,0.0,1393.45,0,0.0,0.0,0.0,24039.4,1.0,0,2026-07-13 09:11:33.054497+05:30
NIFTY 21-Jul-2026,21-Jul-2026,Call,22900,991.6,0.0,0.0,0.0,0.0,0.0,991.6,0,0.0,0.0,0.0,24039.4,1.0,0,2026-07-13 09:11:33.054497+05:30
NIFTY 21-Jul-2026,21-Jul-2026,Call,23350,744.0,0.0,0.0,0.0,0.0,0.0,744.0,0,0.0,0.0,0.0,24039.4,3.0,0,2026-07-13 09:11:33.054497+05:30
NIFTY 21-Jul-2026,21-Jul-2026,Put,24950,891.3,0.0,0.0,0.0,0.0,0.0,891.3,0,0.0,0.0,0.0,24039.4,1.0,0,2026-07-13 09:11:33.054497+05:30
NIFTY 21-Jul-2026,21-Jul-2026,Put,25350,1268.75,0.0,0.0,0.0,0.0,0.0,1268.75,0,0.0,0.0,0.0,24039.4,1.0,0,2026-07-13 09:11:33.054497+05:30
NIFTY 21-Jul-2026,21-Jul-2026,Call,22500,1549.0,0.0,0.0,0.0,0.0,0.0,1549.0,0,0.0,0.0,0.0,24039.4,1.0,0,2026-07-13 09:11:33.054497+05:30
NIFTY 21-Jul-2026,21-Jul-2026,Call,22850,1068.2,-3.8,-0.35,0.0,0.0,0.0,1072.0,0,0.0,0.0,0.0,24039.4,1.0,0,2026-07-13 09:11:33.054497+05:30
NIFTY 21-Jul-2026,21-Jul-2026,Call,23150,955.05,0.0,0.0,0.0,0.0,0.0,955.05,0,0.0,0.0,0.0,24039.4,1.0,0,2026-07-13 09:11:33.054497+05:30
NIFTY 21-Jul-2026,21-Jul-2026,Call,23450,680.0,0.0,0.0,0.0,0.0,0.0,680.0,0,0.0,0.0,0.0,24039.4,1.0,0,2026-07-13 09:11:33.054497+05:30
NIFTY 21-Jul-2026,21-Jul-2026,Put,25250,1170.3,0.0,0.0,0.0,0.0,0.0,1170.3,0,0.0,0.0,0.0,24039.4,3.0,0,2026-07-13 09:11:33.054497+05:30
NIFTY 21-Jul-2026,21-Jul-2026,Put,24000,177.1,76.8,76.57,140.25,185.0,140.2,0,1288560,224299639.2,224299639.2,31149739639.2,24020.2,26472.0,19824,2026-07-13 09:21:34.790638+05:30
NIFTY 21-Jul-2026,21-Jul-2026,Call,24000,202.4,-121.1,-37.43,234.0,234.0,183.7,0,929370,187509691.2,187509691.2,22492389691.2,24020.2,14587.0,14298,2026-07-13 09:21:34.790638+05:30
NIFTY 21-Jul-2026,21-Jul-2026,Call,24200,111.75,-84.2,-42.97,128.0,128.0,99.85,0,784095,86172040.5,86172040.5,19061271040.5,24020.2,18847.0,12063,2026-07-13 09:21:34.790638+05:30
NIFTY 21-Jul-2026,21-Jul-2026,Call,24300,79.6,-66.5,-45.52,100.0,100.0,69.0,0,782600,62052354.0,62052354.0,19079232354.0,24020.2,18961.0,12040,2026-07-13 09:21:34.790638+05:30
NIFTY 21-Jul-2026,21-Jul-2026,Call,24800,9.8,-10.0,-50.51,10.85,14.0,8.3,0,755690,7413318.9,7413318.9,18748525318.9,24020.2,13827.0,11626,2026-07-13 09:21:34.790638+05:30
NIFTY 21-Jul-2026,21-Jul-2026,Put,23800,102.8,45.7,80.04,90.1,109.65,86.1,0,723190,73823235.2,73823235.2,17285745235.2,24020.2,14643.0,11126,2026-07-13 09:21:34.790638+05:30
NIFTY 21-Jul-2026,21-Jul-2026,Call,24500,36.0,-36.25,-50.17,41.05,43.6,29.55,0,687245,23606865.75,23606865.75,16861109365.75,24020.2,19432.0,10573,2026-07-13 09:21:34.790638+05:30
NIFTY 21-Jul-2026,21-Jul-2026,Call,25000,5.35,-3.7,-40.88,7.8,7.8,4.65,0,610675,3267111.25,3267111.25,15270142111.25,24020.2,18689.0,9395,2026-07-13 09:21:34.790638+05:30
NIFTY 21-Jul-2026,21-Jul-2026,Put,24200,284.1,111.25,64.36,236.0,299.95,236.0,0,590460,165192994.2,165192994.2,14454324994.2,24020.2,17418.0,9084,2026-07-13 09:21:34.790638+05:30
NIFTY 21-Jul-2026,21-Jul-2026,Put,24100,227.0,94.7,71.58,199.95,235.85,199.95,0,565175,126633110.5,126633110.5,13747350610.5,24020.2,11011.0,8695,2026-07-13 09:21:34.790638+05:30
NIFTY 21-Jul-2026,21-Jul-2026,Call,24100,153.35,-103.65,-40.33,179.0,179.0,139.3,0,489255,74435255.7,74435255.7,11865480755.7,24020.2,8564.0,7527,2026-07-13 09:21:34.790638+05:30
NIFTY 21-Jul-2026,21-Jul-2026,Call,24400,54.5,-50.1,-47.9,61.5,61.5,46.0,0,470925,24634086.75,24634086.75,11515204086.75,24020.2,13050.0,7245,2026-07-13 09:21:34.790638+05:30
NIFTY 21-Jul-2026,21-Jul-2026,Call,24600,23.4,-24.55,-51.2,30.0,30.0,15.4,0,460525,10288128.5,10288128.5,11339203128.5,24020.2,13917.0,7085,2026-07-13 09:21:34.790638+05:30
NIFTY 21-Jul-2026,21-Jul-2026,Put,23900,135.5,59.7,78.76,126.0,143.4,112.0,0,406055,54553489.25,54553489.25,9759267989.25,24020.2,8901.0,6247,2026-07-13 09:21:34.790638+05:30
NIFTY 21-Jul-2026,21-Jul-2026,Put,23500,42.7,17.2,67.45,45.05,49.15,39.1,0,398385,17795857.95,17795857.95,9379843357.95,24020.2,13976.0,6129,2026-07-13 09:21:34.790638+05:30
NIFTY 21-Jul-2026,21-Jul-2026,Call,24700,15.0,-15.85,-51.38,16.25,18.7,12.35,0,394940,5675287.8,5675287.8,9760693287.8,24020.2,11849.0,6076,2026-07-13 09:21:34.790638+05:30
NIFTY 21-Jul-2026,21-Jul-2026,Put,23000,12.05,1.95,19.31,12.35,15.45,11.9,0,383110,5114518.5,5114518.5,8816644518.5,24020.2,23516.0,5894,2026-07-13 09:21:34.790638+05:30
NIFTY 21-Jul-2026,21-Jul-2026,Call,24900,6.95,-5.85,-45.7,10.5,12.4,5.85,0,329030,2306500.3,2306500.3,8195153500.3,24020.2,9910.0,5062,2026-07-13 09:21:34.790638+05:30
NIFTY 21-Jul-2026,21-Jul-2026,Put,24050,200.05,84.35,72.9,172.5,209.65,172.5,0,326430,64633140.0,64633140.0,7915274640.0,24020.2,2855.0,5022,2026-07-13 09:21:34.790638+05:30
NIFTY 21-Jul-2026,21-Jul-2026,Put,24150,255.45,103.75,68.39,247.0,264.65,210.2,0,288795,72819659.25,72819659.25,7047218909.25,24020.2,3768.0,4443,2026-07-13 09:21:34.790638+05:30
NIFTY 21-Jul-2026,21-Jul-2026,Put,23300,23.8,8.1,51.59,20.85,29.2,20.8,0,284895,7387327.35,7387327.35,6645440827.35,24020.2,8970.0,4383,2026-07-13 09:21:34.790638+05:30
NIFTY 21-Jul-2026,21-Jul-2026,Put,23400,31.55,11.65,58.54,25.0,37.7,25.0,0,269360,9042415.2,9042415.2,6312066415.2,24020.2,6752.0,4144,2026-07-13 09:21:34.790638+05:30
NIFTY 21-Jul-2026,21-Jul-2026,Put,23600,56.85,23.9,72.53,56.0,63.55,50.35,0,258115,15122957.85,15122957.85,6106636957.85,24020.2,10301.0,3971,2026-07-13 09:21:34.790638+05:30
NIFTY 21-Jul-2026,21-Jul-2026,Put,23700,77.05,33.75,77.94,58.4,84.4,58.35,0,251940,19555582.8,19555582.8,5990533582.8,24020.2,7648.0,3876,2026-07-13 09:21:34.790638+05:30
NIFTY 21-Jul-2026,21-Jul-2026,Put,22900,9.85,1.15,13.22,9.9,12.65,8.7,0,247130,2762913.4,2762913.4,5662039913.4,24020.2,5898.0,3802,2026-07-13 09:21:34.790638+05:30
NIFTY 21-Jul-2026,21-Jul-2026,Put,23650,66.6,28.25,73.66,44.0,73.05,44.0,0,222885,15040279.8,15040279.8,5286270529.8,24020.2,4403.0,3429,2026-07-13 09:21:34.790638+05:30
NIFTY 21-Jul-2026,21-Jul-2026,Call,25500,1.6,-0.7,-30.43,2.15,2.15,1.4,0,220545,363899.25,363899.25,5624261399.25,24020.2,6714.0,3393,2026-07-13 09:21:34.790638+05:30
NIFTY 21-Jul-2026,21-Jul-2026,Call,25200,2.95,-1.55,-34.44,3.95,3.95,2.25,0,217100,655642.0,655642.0,5471575642.0,24020.2,7078.0,3340,2026-07-13 09:21:34.790638+05:30
NIFTY 21-Jul-2026,21-Jul-2026,Put,22800,8.3,0.6,7.79,9.7,11.0,8.3,0,209495,1895929.75,1895929.75,4778381929.75,24020.2,4701.0,3223,2026-07-13 09:21:34.790638+05:30
NIFTY 21-Jul-2026,21-Jul-2026,Call,24050,176.6,-114.15,-39.26,179.65,187.85,164.0,0,208000,36847200.0,36847200.0,5039247200.0,24020.2,1851.0,3200,2026-07-13 09:21:34.790638+05:30
NIFTY 21-Jul-2026,21-Jul-2026,Call,24950,5.9,-4.5,-43.27,10.4,10.4,5.15,0,203905,1209156.65,1209156.65,5088638906.65,24020.2,4097.0,3137,2026-07-13 09:21:34.790638+05:30
NIFTY 21-Jul-2026,21-Jul-2026,Call,24250,94.5,-76.55,-44.75,100.0,102.5,82.6,0,198835,17952812.15,17952812.15,4839701562.15,24020.2,3814.0,3059,2026-07-13 09:21:34.790638+05:30
NIFTY 21-Jul-2026,21-Jul-2026,Call,24650,18.75,-19.85,-51.42,26.0,26.0,15.7,0,196105,3688735.05,3688735.05,4837676985.05,24020.2,2871.0,3017,2026-07-13 09:21:34.790638+05:30
NIFTY 21-Jul-2026,21-Jul-2026,Put,23950,154.85,67.7,77.68,134.95,162.85,134.95,0,195520,30000588.8,30000588.8,4712704588.8,24020.2,2005.0,3008,2026-07-13 09:21:34.790638+05:30
NIFTY 21-Jul-2026,21-Jul-2026,Put,23100,14.4,3.15,28.0,17.0,18.85,13.85,0,191230,2975538.8,2975538.8,4420388538.8,24020.2,7100.0,2942,2026-07-13 09:21:34.790638+05:30
NIFTY 21-Jul-2026,21-Jul-2026,Call,24150,131.25,-93.85,-41.69,140.0,150.0,112.0,0,176410,22741013.1,22741013.1,4283042513.1,24020.2,3546.0,2714,2026-07-13 09:21:34.790638+05:30
NIFTY 21-Jul-2026,21-Jul-2026,Call,25100,4.0,-2.25,-36.0,4.9,5.0,3.6,0,170040,702265.2,702265.2,4268706265.2,24020.2,7793.0,2616,2026-07-13 09:21:34.790638+05:30
NIFTY 21-Jul-2026,21-Jul-2026,Put,22500,5.35,0.0,0.0,5.55,7.15,4.9,0,169715,1019987.15,1019987.15,3819607487.15,24020.2,14088.0,2611,2026-07-13 09:21:34.790638+05:30
NIFTY 21-Jul-2026,21-Jul-2026,Put,23850,118.35,52.9,80.83,101.7,125.55,101.65,0,167245,19596096.65,19596096.65,4008389346.65,24020.2,2901.0,2573,2026-07-13 09:21:34.790638+05:30
NIFTY 21-Jul-2026,21-Jul-2026,Put,23200,18.1,4.9,37.12,19.95,23.1,16.95,0,160745,3210077.65,3210077.65,3732494077.65,24020.2,6643.0,2473,2026-07-13 09:21:34.790638+05:30
NIFTY 21-Jul-2026,21-Jul-2026,Put,22700,7.1,0.2,2.9,7.9,9.65,7.1,0,155285,1299735.45,1299735.45,3526269235.45,24020.2,3343.0,2389,2026-07-13 09:21:34.790638+05:30
NIFTY 21-Jul-2026,21-Jul-2026,Put,24300,352.1,129.75,58.35,321.0,362.2,314.0,0,153335,53280845.8,53280845.8,3779321345.8,24020.2,8138.0,2359,2026-07-13 09:21:34.790638+05:30
NIFTY 21-Jul-2026,21-Jul-2026,Call,24750,12.35,-12.45,-50.2,15.25,15.25,10.15,0,151840,1835745.6,1835745.6,3759875745.6,24020.2,3018.0,2336,2026-07-13 09:21:34.790638+05:30
NIFTY 21-Jul-2026,21-Jul-2026,Put,23750,88.95,39.35,79.33,80.0,95.8,80.0,0,137735,12251528.25,12251528.25,3283457778.25,24020.2,3485.0,2119,2026-07-13 09:21:34.790638+05:30
NIFTY 21-Jul-2026,21-Jul-2026,Call,23900,261.6,-137.45,-34.44,277.05,277.05,247.2,0,134680,35024880.8,35024880.8,3253876880.8,24020.2,2487.0,2072,2026-07-13 09:21:34.790638+05:30
NIFTY 21-Jul-2026,21-Jul-2026,Call,24850,8.35,-7.65,-47.81,7.75,9.45,6.45,0,127205,1044353.05,1044353.05,3162088603.05,24020.2,1540.0,1957,2026-07-13 09:21:34.790638+05:30
NIFTY 21-Jul-2026,21-Jul-2026,Call,24550,29.3,-30.3,-50.84,33.0,33.0,22.4,0,126880,3584360.0,3584360.0,3118488360.0,24020.2,2882.0,1952,2026-07-13 09:21:34.790638+05:30
NIFTY 21-Jul-2026,21-Jul-2026,Put,22000,4.05,0.15,3.85,4.7,7.05,4.05,0,126295,554435.05,554435.05,2779044435.05,24020.2,6171.0,1943,2026-07-13 09:21:34.790638+05:30
NIFTY 21-Jul-2026,21-Jul-2026,Put,23350,27.3,9.45,52.94,18.3,33.1,16.1,0,124345,3566214.6,3566214.6,2907021964.6,24020.2,4690.0,1913,2026-07-13 09:21:34.790638+05:30
NIFTY 21-Jul-2026,21-Jul-2026,Call,24350,66.15,-58.3,-46.85,75.0,75.0,56.8,0,118430,7448062.7,7448062.7,2891218562.7,24020.2,3690.0,1822,2026-07-13 09:21:34.790638+05:30
NIFTY 21-Jul-2026,21-Jul-2026,Put,23550,48.95,20.1,69.67,31.05,55.8,31.05,0,112710,5727922.2,5727922.2,2660048422.2,24020.2,2270.0,1734,2026-07-13 09:21:34.790638+05:30
NIFTY 21-Jul-2026,21-Jul-2026,Put,22750,7.65,0.35,4.79,10.05,10.65,7.65,0,103675,865686.25,865686.25,2359471936.25,24020.2,736.0,1595,2026-07-13 09:21:34.790638+05:30
NIFTY 21-Jul-2026,21-Jul-2026,Call,25700,1.15,-0.2,-14.81,1.3,1.35,1.15,0,99645,121566.9,121566.9,2560998066.9,24020.2,5639.0,1533,2026-07-13 09:21:34.790638+05:30
NIFTY 21-Jul-2026,21-Jul-2026,Put,24500,509.0,163.0,47.11,465.0,524.6,465.0,0,98345,49937624.1,49937624.1,2459390124.1,24020.2,5278.0,1513,2026-07-13 09:21:34.790638+05:30
NIFTY 21-Jul-2026,21-Jul-2026,Call,24450,44.8,-43.2,-49.09,48.0,49.2,35.05,0,95225,4111815.5,4111815.5,2332363065.5,24020.2,3111.0,1465,2026-07-13 09:21:34.790638+05:30
NIFTY 21-Jul-2026,21-Jul-2026,Put,22600,6.1,0.0,0.0,6.75,8.25,6.1,0,91065,657489.3,657489.3,2058726489.3,24020.2,3386.0,1401,2026-07-13 09:21:34.790638+05:30
NIFTY 21-Jul-2026,21-Jul-2026,Put,21600,3.25,-0.05,-1.52,3.5,3.9,3.1,0,87815,290667.65,290667.65,1897094667.65,24020.2,18928.0,1351,2026-07-13 09:21:34.790638+05:30
NIFTY 21-Jul-2026,21-Jul-2026,Put,24400,425.0,145.05,51.81,420.0,437.65,400.15,0,86190,36330808.8,36330808.8,2139366808.8,24020.2,4667.0,1326,2026-07-13 09:21:34.790638+05:30
NIFTY 21-Jul-2026,21-Jul-2026,Call,23800,328.85,-149.1,-31.2,330.0,363.0,314.5,0,82290,26935985.7,26935985.7,1985437985.7,24020.2,2869.0,1266,2026-07-13 09:21:34.790638+05:30
NIFTY 21-Jul-2026,21-Jul-2026,Put,24250,317.65,122.25,62.56,272.6,328.75,250.0,0,78130,24457033.9,24457033.9,1919109533.9,24020.2,3184.0,1202,2026-07-13 09:21:34.790638+05:30
NIFTY 21-Jul-2026,21-Jul-2026,Call,25400,2.0,-0.8,-28.57,2.0,2.35,1.75,0,77090,151096.4,151096.4,1958237096.4,24020.2,2661.0,1186,2026-07-13 09:21:34.790638+05:30
NIFTY 21-Jul-2026,21-Jul-2026,Call,25600,1.3,-0.3,-18.75,1.6,1.6,1.25,0,76895,102270.35,102270.35,1968614270.35,24020.2,5694.0,1183,2026-07-13 09:21:34.790638+05:30
NIFTY 21-Jul-2026,21-Jul-2026,Put,23050,12.95,2.25,21.03,14.9,17.1,12.95,0,64350,934362.0,934362.0,1484201862.0,24020.2,1109.0,990,2026-07-13 09:21:34.790638+05:30
NIFTY 21-Jul-2026,21-Jul-2026,Put,23450,36.4,14.0,62.5,37.8,42.8,35.55,0,59930,2299514.1,2299514.1,1407658014.1,24020.2,1984.0,922,2026-07-13 09:21:34.790638+05:30
NIFTY 21-Jul-2026,21-Jul-2026,Call,25300,2.3,-1.05,-31.34,2.65,2.95,2.05,0,58370,136585.8,136585.8,1476897585.8,24020.2,5825.0,898,2026-07-13 09:21:34.790638+05:30
NIFTY 21-Jul-2026,21-Jul-2026,Call,23950,231.3,-130.55,-36.08,234.45,243.95,217.9,0,58370,13504483.2,13504483.2,1411465983.2,24020.2,593.0,898,2026-07-13 09:21:34.790638+05:30
NIFTY 21-Jul-2026,21-Jul-2026,Put,23150,16.15,3.85,31.3,12.6,27.2,11.1,0,57785,1044752.8,1044752.8,1338767502.8,24020.2,1075.0,889,2026-07-13 09:21:34.790638+05:30
NIFTY 21-Jul-2026,21-Jul-2026,Put,22650,6.85,0.35,5.38,6.9,9.15,6.85,0,56810,452207.6,452207.6,1287198707.6,24020.2,539.0,874,2026-07-13 09:21:34.790638+05:30
NIFTY 21-Jul-2026,21-Jul-2026,Put,22400,5.1,-0.1,-1.92,6.0,6.7,5.1,0,52000,291200.0,291200.0,1165091200.0,24020.2,1312.0,800,2026-07-13 09:21:34.790638+05:30
NIFTY 21-Jul-2026,21-Jul-2026,Put,22950,10.8,1.35,14.29,11.7,13.9,9.85,0,51610,621900.5,621900.5,1185071400.5,24020.2,1232.0,794,2026-07-13 09:21:34.790638+05:30
NIFTY 21-Jul-2026,21-Jul-2026,Call,25050,4.55,-2.95,-39.33,7.85,7.85,4.2,0,49595,232104.6,232104.6,1242586854.6,24020.2,1454.0,763,2026-07-13 09:21:34.790638+05:30
NIFTY 21-Jul-2026,21-Jul-2026,Put,22850,9.0,0.7,8.43,10.75,11.85,9.0,0,44720,473584.8,473584.8,1022325584.8,24020.2,1364.0,688,2026-07-13 09:21:34.790638+05:30
NIFTY 21-Jul-2026,21-Jul-2026,Call,26000,1.1,-0.05,-4.35,1.15,1.15,1.05,0,42120,46332.0,46332.0,1095166332.0,24020.2,13277.0,648,2026-07-13 09:21:34.790638+05:30
NIFTY 21-Jul-2026,21-Jul-2026,Put,22550,5.75,-0.05,-0.86,6.85,7.8,5.75,0,37310,244753.6,244753.6,841585253.6,24020.2,685.0,574,2026-07-13 09:21:34.790638+05:30
NIFTY 21-Jul-2026,21-Jul-2026,Call,25150,3.45,-2.0,-36.7,5.4,6.0,3.1,0,36855,131203.8,131203.8,927034453.8,24020.2,1697.0,567,2026-07-13 09:21:34.790638+05:30
NIFTY 21-Jul-2026,21-Jul-2026,Put,22200,4.5,0.15,3.45,5.45,5.75,4.35,0,35425,171811.25,171811.25,786606811.25,24020.2,1009.0,545,2026-07-13 09:21:34.790638+05:30
NIFTY 21-Jul-2026,21-Jul-2026,Put,23250,20.9,6.35,43.64,14.9,25.65,14.9,0,33735,770170.05,770170.05,785108920.05,24020.2,1325.0,519,2026-07-13 09:21:34.790638+05:30
NIFTY 21-Jul-2026,21-Jul-2026,Put,22100,4.1,0.1,2.5,4.5,4.8,4.05,0,31850,140777.0,140777.0,704025777.0,24020.2,2488.0,490,2026-07-13 09:21:34.790638+05:30
NIFTY 21-Jul-2026,21-Jul-2026,Put,22300,4.7,-0.05,-1.05,3.8,6.2,3.8,0,30615,158279.55,158279.55,682872779.55,24020.2,2113.0,471,2026-07-13 09:21:34.790638+05:30
NIFTY 21-Jul-2026,21-Jul-2026,Call,23500,569.4,-177.85,-23.8,685.0,685.0,550.6,0,24180,13757694.6,13757694.6,581987694.6,24020.2,1095.0,372,2026-07-13 09:21:34.790638+05:30
NIFTY 21-Jul-2026,21-Jul-2026,Put,24350,388.6,138.45,55.35,318.0,398.7,243.45,0,21580,8334843.4,8334843.4,533807843.4,24020.2,1282.0,332,2026-07-13 09:21:34.790638+05:30
NIFTY 21-Jul-2026,21-Jul-2026,Call,25900,1.05,-0.1,-8.7,1.15,1.2,1.05,0,21320,23665.2,23665.2,552211665.2,24020.2,2634.0,328,2026-07-13 09:21:34.790638+05:30
NIFTY 21-Jul-2026,21-Jul-2026,Call,25800,1.15,-0.05,-4.17,1.65,2.15,1.1,0,20865,25663.95,25663.95,538342663.95,24020.2,5029.0,321,2026-07-13 09:21:34.790638+05:30
NIFTY 21-Jul-2026,21-Jul-2026,Call,23850,294.1,-144.75,-32.98,298.55,307.25,278.15,0,19825,5801984.5,5801984.5,478628234.5,24020.2,336.0,305,2026-07-13 09:21:34.790638+05:30
NIFTY 21-Jul-2026,21-Jul-2026,Put,21800,3.7,0.0,0.0,4.0,4.1,3.5,0,18915,73579.35,73579.35,412420579.35,24020.2,7697.0,291,2026-07-13 09:21:34.790638+05:30
NIFTY 21-Jul-2026,21-Jul-2026,Put,22450,5.2,-0.2,-3.7,9.0,9.0,5.2,0,16575,93317.25,93317.25,372202067.25,24020.2,224.0,255,2026-07-13 09:21:34.790638+05:30
NIFTY 21-Jul-2026,21-Jul-2026,Call,25250,2.55,-1.35,-34.62,2.5,2.9,2.4,0,15535,41167.75,41167.75,392299917.75,24020.2,774.0,239,2026-07-13 09:21:34.790638+05:30
NIFTY 21-Jul-2026,21-Jul-2026,Put,21900,3.9,0.2,5.41,4.1,4.6,3.8,0,14235,57651.75,57651.75,311804151.75,24020.2,675.0,219,2026-07-13 09:21:34.790638+05:30
NIFTY 21-Jul-2026,21-Jul-2026,Call,25650,1.3,-0.3,-18.75,1.65,1.65,1.2,0,13390,17273.1,17273.1,343470773.1,24020.2,905.0,206,2026-07-13 09:21:34.790638+05:30
NIFTY 21-Jul-2026,21-Jul-2026,Put,24600,594.0,172.1,40.79,593.0,608.7,578.6,0,9750,5786040.0,5786040.0,245636040.0,24020.2,924.0,150,2026-07-13 09:21:34.790638+05:30
NIFTY 21-Jul-2026,21-Jul-2026,Call,25550,1.5,-0.5,-25.0,1.75,1.75,1.3,0,9035,13100.75,13100.75,230857350.75,24020.2,514.0,139,2026-07-13 09:21:34.790638+05:30
NIFTY 21-Jul-2026,21-Jul-2026,Call,23700,406.0,-164.0,-28.77,412.05,418.0,391.0,0,7605,3076906.95,3076906.95,183315406.95,24020.2,776.0,117,2026-07-13 09:21:34.790638+05:30
NIFTY 21-Jul-2026,21-Jul-2026,Call,23600,484.8,-160.8,-24.91,492.6,494.8,470.55,0,7410,3587403.3,3587403.3,178463403.3,24020.2,311.0,114,2026-07-13 09:21:34.790638+05:30
NIFTY 21-Jul-2026,21-Jul-2026,Put,25000,979.3,196.55,25.11,969.35,988.55,965.95,0,7280,7081984.0,7081984.0,189081984.0,24020.2,437.0,112,2026-07-13 09:21:34.790638+05:30
NIFTY 21-Jul-2026,21-Jul-2026,Call,23750,367.4,-154.1,-29.55,369.75,379.95,351.65,0,7085,2574830.7,2574830.7,170843580.7,24020.2,140.0,109,2026-07-13 09:21:34.790638+05:30
NIFTY 21-Jul-2026,21-Jul-2026,Put,24550,545.95,162.4,42.34,548.3,565.3,541.45,0,6760,3696638.4,3696638.4,169654638.4,24020.2,219.0,104,2026-07-13 09:21:34.790638+05:30
NIFTY 21-Jul-2026,21-Jul-2026,Put,24450,463.8,152.35,48.92,434.1,477.5,434.1,0,6110,2834123.5,2834123.5,152223623.5,24020.2,630.0,94,2026-07-13 09:21:34.790638+05:30
NIFTY 21-Jul-2026,21-Jul-2026,Put,24700,685.0,181.55,36.06,650.0,694.95,650.0,0,4550,3096912.0,3096912.0,115481912.0,24020.2,498.0,70,2026-07-13 09:21:34.790638+05:30
NIFTY 21-Jul-2026,21-Jul-2026,Call,25450,1.75,-0.65,-27.08,2.45,2.45,1.7,0,4355,8056.75,8056.75,110842806.75,24020.2,216.0,67,2026-07-13 09:21:34.790638+05:30
NIFTY 21-Jul-2026,21-Jul-2026,Call,26200,1.05,0.0,0.0,1.2,1.25,1.0,0,4095,4299.75,4299.75,107293299.75,24020.2,1160.0,63,2026-07-13 09:21:34.790638+05:30
NIFTY 21-Jul-2026,21-Jul-2026,Call,25350,2.1,-1.0,-32.26,1.95,2.4,1.9,0,4030,8745.1,8745.1,102169245.1,24020.2,301.0,62,2026-07-13 09:21:34.790638+05:30
NIFTY 21-Jul-2026,21-Jul-2026,Call,23000,1035.3,-200.0,-16.19,1041.05,1041.05,1034.3,0,3900,4042818.0,4042818.0,93742818.0,24020.2,216.0,60,2026-07-13 09:21:34.790638+05:30
NIFTY 21-Jul-2026,21-Jul-2026,Put,22350,4.7,-0.15,-3.09,5.8,6.2,4.35,0,3575,18447.0,18447.0,79919697.0,24020.2,145.0,55,2026-07-13 09:21:34.790638+05:30
NIFTY 21-Jul-2026,21-Jul-2026,Put,22250,4.8,0.2,4.35,5.7,7.25,4.75,0,3445,18637.45,18637.45,76669887.45,24020.2,463.0,53,2026-07-13 09:21:34.790638+05:30
NIFTY 21-Jul-2026,21-Jul-2026,Call,23650,450.0,-174.3,-27.92,440.15,451.0,430.25,0,3055,1342030.95,1342030.95,73592780.95,24020.2,75.0,47,2026-07-13 09:21:34.790638+05:30
NIFTY 21-Jul-2026,21-Jul-2026,Call,25750,1.2,-0.2,-14.29,1.15,1.2,1.15,0,2665,3091.4,3091.4,68626841.4,24020.2,338.0,41,2026-07-13 09:21:34.790638+05:30
NIFTY 21-Jul-2026,21-Jul-2026,Put,24800,779.9,193.95,33.1,792.05,792.05,762.75,0,2405,1874865.85,1874865.85,61518865.85,24020.2,151.0,37,2026-07-13 09:21:34.790638+05:30
NIFTY 21-Jul-2026,21-Jul-2026,Call,23550,535.7,-169.45,-24.03,522.9,539.3,514.8,0,2210,1176007.3,1176007.3,53221507.3,24020.2,41.0,34,2026-07-13 09:21:34.790638+05:30
NIFTY 21-Jul-2026,21-Jul-2026,Call,23400,661.0,-186.45,-22.0,667.35,670.0,653.15,0,2145,1417609.05,1417609.05,51610609.05,24020.2,128.0,33,2026-07-13 09:21:34.790638+05:30
NIFTY 21-Jul-2026,21-Jul-2026,Put,21850,3.8,0.3,8.57,4.1,4.1,3.8,0,1950,7624.5,7624.5,42615124.5,24020.2,48.0,30,2026-07-13 09:21:34.790638+05:30
NIFTY 21-Jul-2026,21-Jul-2026,Put,22050,4.0,0.05,1.27,3.2,4.8,3.2,0,1560,6630.0,6630.0,34404630.0,24020.2,2697.0,24,2026-07-13 09:21:34.790638+05:30
NIFTY 21-Jul-2026,21-Jul-2026,Put,22150,4.5,0.3,7.14,4.95,5.1,4.3,0,1495,7205.9,7205.9,33121455.9,24020.2,134.0,23,2026-07-13 09:21:34.790638+05:30
NIFTY 21-Jul-2026,21-Jul-2026,Put,21950,3.85,0.15,4.05,4.25,4.6,3.85,0,1495,6293.95,6293.95,32821543.95,24020.2,87.0,23,2026-07-13 09:21:34.790638+05:30
NIFTY 21-Jul-2026,21-Jul-2026,Call,23300,765.35,-180.7,-19.1,754.0,765.35,754.0,0,1235,936290.55,936290.55,29711790.55,24020.2,233.0,19,2026-07-13 09:21:34.790638+05:30
NIFTY 21-Jul-2026,21-Jul-2026,Put,24650,634.5,177.35,38.79,642.55,649.8,634.5,0,975,625082.25,625082.25,24658832.25,24020.2,58.0,15,2026-07-13 09:21:34.790638+05:30
NIFTY 21-Jul-2026,21-Jul-2026,Call,25850,1.15,-0.15,-11.54,1.25,1.25,1.15,0,585,690.3,690.3,15122940.3,24020.2,845.0,9,2026-07-13 09:21:34.790638+05:30
NIFTY 21-Jul-2026,21-Jul-2026,Call,26050,1.2,0.05,4.35,0.95,1.2,0.9,0,390,378.3,378.3,10159878.3,24020.2,47.0,6,2026-07-13 09:21:34.790638+05:30
NIFTY 21-Jul-2026,21-Jul-2026,Put,21650,3.7,0.05,1.37,3.65,3.7,3.5,0,390,1415.7,1415.7,8444915.7,24020.2,37.0,6,2026-07-13 09:21:34.790638+05:30
NIFTY 21-Jul-2026,21-Jul-2026,Put,21750,3.6,-0.05,-1.37,3.6,3.6,3.6,0,260,936.0,936.0,5655936.0,24020.2,31.0,4,2026-07-13 09:21:34.790638+05:30
NIFTY 21-Jul-2026,21-Jul-2026,Put,21700,3.55,0.05,1.43,3.6,3.6,3.55,0,260,928.2,928.2,5642928.2,24020.2,818.0,4,2026-07-13 09:21:34.790638+05:30
NIFTY 21-Jul-2026,21-Jul-2026,Put,25100,1065.9,193.45,22.17,1070.0,1070.0,1065.9,0,195,208119.6,208119.6,5102619.6,24020.2,16.0,3,2026-07-13 09:21:34.790638+05:30
NIFTY 21-Jul-2026,21-Jul-2026,Call,23100,939.1,-201.4,-17.66,943.1,944.55,939.1,0,195,183738.75,183738.75,4688238.75,24020.2,12.0,3,2026-07-13 09:21:34.790638+05:30
NIFTY 21-Jul-2026,21-Jul-2026,Call,26100,1.2,0.05,4.35,1.35,1.35,1.2,0,130,165.1,165.1,3393165.1,24020.2,96.0,2,2026-07-13 09:21:34.790638+05:30
NIFTY 21-Jul-2026,21-Jul-2026,Call,25950,1.05,-0.1,-8.7,1.05,1.05,1.05,0,130,136.5,136.5,3373636.5,24020.2,99.0,2,2026-07-13 09:21:34.790638+05:30
NIFTY 21-Jul-2026,21-Jul-2026,Call,23200,859.0,-162.7,-15.92,859.0,859.0,859.0,0,65,55835.0,55835.0,1563835.0,24020.2,26.0,1,2026-07-13 09:21:34.790638+05:30
NIFTY 21-Jul-2026,21-Jul-2026,Put,24000,177.6,77.3,77.07,140.25,185.0,140.2,0,1823835,319809467.25,319809467.25,44091849467.25,24030.5,27438.0,28059,2026-07-13 09:26:03.870796+05:30
NIFTY 21-Jul-2026,21-Jul-2026,Call,24000,200.9,-122.6,-37.9,234.0,234.0,183.7,0,1307605,263770080.6,263770080.6,31646290080.6,24030.5,17479.0,20117,2026-07-13 09:26:03.870796+05:30
NIFTY 21-Jul-2026,21-Jul-2026,Call,24200,109.3,-86.65,-44.22,128.0,128.0,99.85,0,1062230,116994012.2,116994012.2,25822960012.2,24030.5,20019.0,16342,2026-07-13 09:26:03.870796+05:30
NIFTY 21-Jul-2026,21-Jul-2026,Call,24800,9.25,-10.55,-53.28,10.85,14.0,8.3,0,1037985,10120353.75,10120353.75,25752148353.75,24030.5,14623.0,15969,2026-07-13 09:26:03.870796+05:30
NIFTY 21-Jul-2026,21-Jul-2026,Call,24300,77.7,-68.4,-46.82,100.0,100.0,69.0,0,999115,79129908.0,79129908.0,24357624408.0,24030.5,20935.0,15371,2026-07-13 09:26:03.870796+05:30
NIFTY 21-Jul-2026,21-Jul-2026,Call,24500,34.25,-38.0,-52.6,41.05,43.6,29.55,0,975260,33792759.0,33792759.0,23927662759.0,24030.5,20414.0,15004,2026-07-13 09:26:03.870796+05:30
NIFTY 21-Jul-2026,21-Jul-2026,Call,25000,5.05,-4.0,-44.2,7.8,7.8,4.65,0,950430,5056287.6,5056287.6,23765806287.6,24030.5,20310.0,14622,2026-07-13 09:26:03.870796+05:30
NIFTY 21-Jul-2026,21-Jul-2026,Put,23800,103.2,46.1,80.74,90.1,109.65,86.1,0,898885,92099757.1,92099757.1,21485562757.1,24030.5,14823.0,13829,2026-07-13 09:26:03.870796+05:30
NIFTY 21-Jul-2026,21-Jul-2026,Put,23000,12.6,2.5,24.75,12.35,15.45,11.85,0,800215,10506822.95,10506822.95,18415451822.95,24030.5,25987.0,12311,2026-07-13 09:26:03.870796+05:30
NIFTY 21-Jul-2026,21-Jul-2026,Put,24200,285.05,112.2,64.91,236.0,299.95,236.0,0,763945,214882449.6,214882449.6,18702351449.6,24030.5,17224.0,11753,2026-07-13 09:26:03.870796+05:30
NIFTY 21-Jul-2026,21-Jul-2026,Call,24400,52.3,-52.3,-50.0,61.5,61.5,46.0,0,727740,38381007.6,38381007.6,17795237007.6,24030.5,14502.0,11196,2026-07-13 09:26:03.870796+05:30
NIFTY 21-Jul-2026,21-Jul-2026,Put,24100,227.4,95.1,71.88,199.95,235.85,199.95,0,717535,161380796.85,161380796.85,17453974296.85,24030.5,11123.0,11039,2026-07-13 09:26:03.870796+05:30
NIFTY 21-Jul-2026,21-Jul-2026,Call,24100,150.9,-106.1,-41.28,179.0,179.0,139.3,0,696280,105952927.6,105952927.6,16886300927.6,24030.5,9966.0,10712,2026-07-13 09:26:03.870796+05:30
NIFTY 21-Jul-2026,21-Jul-2026,Call,24700,14.1,-16.75,-54.29,16.25,18.7,12.35,0,625820,9074390.0,9074390.0,15466828390.0,24030.5,12192.0,9628,2026-07-13 09:26:03.870796+05:30
NIFTY 21-Jul-2026,21-Jul-2026,Call,24600,22.15,-25.8,-53.81,30.0,30.0,15.4,0,619775,13932542.0,13932542.0,15260397542.0,24030.5,14218.0,9535,2026-07-13 09:26:03.870796+05:30
NIFTY 21-Jul-2026,21-Jul-2026,Put,23500,43.3,17.8,69.8,45.05,49.15,39.1,0,609180,26968398.6,26968398.6,14342698398.6,24030.5,14538.0,9372,2026-07-13 09:26:03.870796+05:30
NIFTY 21-Jul-2026,21-Jul-2026,Put,23900,136.5,60.7,80.08,126.0,143.4,112.0,0,547430,73968741.6,73968741.6,13157545741.6,24030.5,8879.0,8422,2026-07-13 09:26:03.870796+05:30
NIFTY 21-Jul-2026,21-Jul-2026,Call,24900,6.4,-6.4,-50.0,10.5,12.4,5.85,0,469105,3255588.7,3255588.7,11683970088.7,24030.5,10051.0,7217,2026-07-13 09:26:03.870796+05:30
NIFTY 21-Jul-2026,21-Jul-2026,Put,24050,201.1,85.4,73.81,172.5,209.65,172.5,0,455650,90706245.5,90706245.5,11049088745.5,24030.5,3336.0,7010,2026-07-13 09:26:03.870796+05:30
NIFTY 21-Jul-2026,21-Jul-2026,Put,23600,57.4,24.45,74.2,56.0,63.55,50.35,0,402415,23492987.7,23492987.7,9520486987.7,24030.5,11346.0,6191,2026-07-13 09:26:03.870796+05:30
NIFTY 21-Jul-2026,21-Jul-2026,Put,23300,24.4,8.7,55.41,20.85,29.2,20.8,0,399555,10232603.55,10232603.55,9319864103.55,24030.5,8846.0,6147,2026-07-13 09:26:03.870796+05:30
NIFTY 21-Jul-2026,21-Jul-2026,Put,23700,77.95,34.65,80.02,58.4,84.4,58.35,0,375115,29206453.9,29206453.9,8919431953.9,24030.5,7506.0,5771,2026-07-13 09:26:03.870796+05:30
NIFTY 21-Jul-2026,21-Jul-2026,Put,22900,10.4,1.7,19.54,9.9,12.65,8.7,0,368615,4021589.65,4021589.65,8445305089.65,24030.5,6356.0,5671,2026-07-13 09:26:03.870796+05:30
NIFTY 21-Jul-2026,21-Jul-2026,Put,24150,256.1,104.4,68.82,247.0,264.65,210.2,0,352495,89156560.35,89156560.35,8601910810.35,24030.5,3587.0,5423,2026-07-13 09:26:03.870796+05:30
NIFTY 21-Jul-2026,21-Jul-2026,Put,23400,32.1,12.2,61.31,25.0,37.7,25.0,0,349245,11636843.4,11636843.4,8183969843.4,24030.5,6917.0,5373,2026-07-13 09:26:03.870796+05:30
NIFTY 21-Jul-2026,21-Jul-2026,Call,25200,3.0,-1.5,-33.33,3.95,3.95,2.25,0,338195,1038258.65,1038258.65,8523552258.65,24030.5,6586.0,5203,2026-07-13 09:26:03.870796+05:30
NIFTY 21-Jul-2026,21-Jul-2026,Call,25100,3.9,-2.35,-37.6,4.9,5.0,3.6,0,336570,1379937.0,1379937.0,8449286937.0,24030.5,7678.0,5178,2026-07-13 09:26:03.870796+05:30
NIFTY 21-Jul-2026,21-Jul-2026,Call,24050,175.2,-115.55,-39.74,179.65,187.85,164.0,0,333385,59009145.0,59009145.0,8076918395.0,24030.5,2612.0,5129,2026-07-13 09:26:03.870796+05:30
NIFTY 21-Jul-2026,21-Jul-2026,Put,23650,67.2,28.85,75.23,44.0,73.05,44.0,0,324545,21939242.0,21939242.0,7697428492.0,24030.5,4098.0,4993,2026-07-13 09:26:03.870796+05:30
NIFTY 21-Jul-2026,21-Jul-2026,Put,23100,14.95,3.7,32.89,17.0,18.85,13.85,0,295230,4546542.0,4546542.0,6824359542.0,24030.5,7270.0,4542,2026-07-13 09:26:03.870796+05:30
NIFTY 21-Jul-2026,21-Jul-2026,Call,25500,1.65,-0.65,-28.26,2.15,2.15,1.4,0,289705,478013.25,478013.25,7387955513.25,24030.5,6986.0,4457,2026-07-13 09:26:03.870796+05:30
NIFTY 21-Jul-2026,21-Jul-2026,Put,22800,8.85,1.15,14.94,9.7,11.0,8.2,0,284635,2564561.35,2564561.35,6492242561.35,24030.5,5170.0,4379,2026-07-13 09:26:03.870796+05:30
NIFTY 21-Jul-2026,21-Jul-2026,Put,23200,18.75,5.55,42.05,19.95,23.1,16.95,0,276835,5420429.3,5420429.3,6427992429.3,24030.5,7342.0,4259,2026-07-13 09:26:03.870796+05:30
NIFTY 21-Jul-2026,21-Jul-2026,Call,24250,92.65,-78.4,-45.83,100.0,102.5,82.6,0,275795,25169051.7,25169051.7,6713197801.7,24030.5,4255.0,4243,2026-07-13 09:26:03.870796+05:30
NIFTY 21-Jul-2026,21-Jul-2026,Put,22500,6.0,0.65,12.15,5.55,7.15,4.9,0,266630,1583782.2,1583782.2,6000758782.2,24030.5,14218.0,4102,2026-07-13 09:26:03.870796+05:30
NIFTY 21-Jul-2026,21-Jul-2026,Put,21600,3.05,-0.25,-7.58,3.5,3.9,2.9,0,250315,793498.55,793498.55,5407597498.55,24030.5,19604.0,3851,2026-07-13 09:26:03.870796+05:30
NIFTY 21-Jul-2026,21-Jul-2026,Put,23950,155.9,68.75,78.89,134.95,162.85,134.95,0,245635,37886742.4,37886742.4,5920844992.4,24030.5,1940.0,3779,2026-07-13 09:26:03.870796+05:30
NIFTY 21-Jul-2026,21-Jul-2026,Call,24650,17.7,-20.9,-54.15,26.0,26.0,15.7,0,244790,4587364.6,4587364.6,6038660864.6,24030.5,3179.0,3766,2026-07-13 09:26:03.870796+05:30
NIFTY 21-Jul-2026,21-Jul-2026,Call,24150,129.0,-96.1,-42.69,140.0,150.0,112.0,0,233870,30227697.5,30227697.5,5678188197.5,24030.5,3750.0,3598,2026-07-13 09:26:03.870796+05:30
NIFTY 21-Jul-2026,21-Jul-2026,Call,24950,5.6,-4.8,-46.15,10.4,10.4,5.15,0,230880,1369118.4,1369118.4,5761825118.4,24030.5,4171.0,3552,2026-07-13 09:26:03.870796+05:30
NIFTY 21-Jul-2026,21-Jul-2026,Put,23850,118.95,53.5,81.74,101.7,125.55,101.65,0,229320,27050587.2,27050587.2,5496332587.2,24030.5,3191.0,3528,2026-07-13 09:26:03.870796+05:30
NIFTY 21-Jul-2026,21-Jul-2026,Call,24750,11.45,-13.35,-53.83,15.25,15.25,10.15,0,227565,2748985.2,2748985.2,5634982735.2,24030.5,3427.0,3501,2026-07-13 09:26:03.870796+05:30
NIFTY 21-Jul-2026,21-Jul-2026,Call,24550,27.55,-32.05,-53.78,33.0,33.0,22.4,0,215085,6086905.5,6086905.5,5286423655.5,24030.5,3397.0,3309,2026-07-13 09:26:03.870796+05:30
NIFTY 21-Jul-2026,21-Jul-2026,Put,22700,7.7,0.8,11.59,7.9,9.65,7.1,0,197080,1625910.0,1625910.0,4475341910.0,24030.5,3515.0,3032,2026-07-13 09:26:03.870796+05:30
NIFTY 21-Jul-2026,21-Jul-2026,Put,23350,27.55,9.7,54.34,18.3,33.1,16.1,0,197015,5565673.75,5565673.75,4605865923.75,24030.5,5268.0,3031,2026-07-13 09:26:03.870796+05:30
NIFTY 21-Jul-2026,21-Jul-2026,Put,24300,352.05,129.7,58.33,321.0,362.2,314.0,0,192010,66909724.7,66909724.7,4732752724.7,24030.5,8164.0,2954,2026-07-13 09:26:03.870796+05:30
NIFTY 21-Jul-2026,21-Jul-2026,Put,23750,89.5,39.9,80.44,80.0,95.8,80.0,0,191750,17123275.0,17123275.0,4571185775.0,24030.5,3493.0,2950,2026-07-13 09:26:03.870796+05:30
NIFTY 21-Jul-2026,21-Jul-2026,Call,24350,64.05,-60.4,-48.53,75.0,75.0,56.8,0,187460,11943076.6,11943076.6,4576594076.6,24030.5,3828.0,2884,2026-07-13 09:26:03.870796+05:30
NIFTY 21-Jul-2026,21-Jul-2026,Put,22000,4.2,0.3,7.69,4.7,7.05,3.95,0,174850,751855.0,751855.0,3847451855.0,24030.5,6353.0,2690,2026-07-13 09:26:03.870796+05:30
NIFTY 21-Jul-2026,21-Jul-2026,Call,24450,42.65,-45.35,-51.53,48.0,49.2,35.05,0,172250,7513545.0,7513545.0,4219026045.0,24030.5,3328.0,2650,2026-07-13 09:26:03.870796+05:30
NIFTY 21-Jul-2026,21-Jul-2026,Call,24850,7.75,-8.25,-51.56,7.75,9.45,6.45,0,168415,1382687.15,1382687.15,4186495437.15,24030.5,1536.0,2591,2026-07-13 09:26:03.870796+05:30
NIFTY 21-Jul-2026,21-Jul-2026,Call,23900,260.2,-138.85,-34.8,277.05,277.05,247.2,0,164060,42711380.4,42711380.4,3963745380.4,24030.5,2644.0,2524,2026-07-13 09:26:03.870796+05:30
NIFTY 21-Jul-2026,21-Jul-2026,Call,25700,1.2,-0.15,-11.11,1.3,1.35,1.15,0,148135,179243.35,179243.35,3807248743.35,24030.5,5701.0,2279,2026-07-13 09:26:03.870796+05:30
NIFTY 21-Jul-2026,21-Jul-2026,Put,23550,49.8,20.95,72.62,31.05,55.8,31.05,0,143065,7253395.5,7253395.5,3376434145.5,24030.5,2405.0,2201,2026-07-13 09:26:03.870796+05:30
NIFTY 21-Jul-2026,21-Jul-2026,Put,22600,6.7,0.6,9.84,6.75,8.25,6.05,0,140140,987987.0,987987.0,3168151987.0,24030.5,3524.0,2156,2026-07-13 09:26:03.870796+05:30
NIFTY 21-Jul-2026,21-Jul-2026,Call,25600,1.3,-0.3,-18.75,1.6,1.6,1.25,0,127335,169355.55,169355.55,3259945355.55,24030.5,5859.0,1959,2026-07-13 09:26:03.870796+05:30
NIFTY 21-Jul-2026,21-Jul-2026,Call,23800,327.5,-150.45,-31.48,330.0,363.0,314.5,0,120900,39594750.0,39594750.0,2917014750.0,24030.5,2895.0,1860,2026-07-13 09:26:03.870796+05:30
NIFTY 21-Jul-2026,21-Jul-2026,Call,25300,2.5,-0.85,-25.37,2.65,2.95,2.05,0,120315,286349.7,286349.7,3044255849.7,24030.5,5901.0,1851,2026-07-13 09:26:03.870796+05:30
NIFTY 21-Jul-2026,21-Jul-2026,Put,24500,509.55,163.55,47.27,465.0,524.6,465.0,0,119015,60491754.05,60491754.05,2976359254.05,24030.5,5364.0,1831,2026-07-13 09:26:03.870796+05:30
NIFTY 21-Jul-2026,21-Jul-2026,Put,22750,8.25,0.95,13.01,10.05,10.65,7.6,0,113945,952580.2,952580.2,2593201330.2,24030.5,736.0,1753,2026-07-13 09:26:03.870796+05:30
NIFTY 21-Jul-2026,21-Jul-2026,Call,25400,2.0,-0.8,-28.57,2.0,2.35,1.75,0,104585,206032.45,206032.45,2656665032.45,24030.5,2642.0,1609,2026-07-13 09:26:03.870796+05:30
NIFTY 21-Jul-2026,21-Jul-2026,Put,23050,13.7,3.0,28.04,14.9,17.1,12.9,0,97175,1387659.0,1387659.0,2241271409.0,24030.5,1171.0,1495,2026-07-13 09:26:03.870796+05:30
NIFTY 21-Jul-2026,21-Jul-2026,Put,24400,427.25,147.3,52.62,420.0,437.65,400.15,0,95745,40425453.9,40425453.9,2376603453.9,24030.5,4608.0,1473,2026-07-13 09:26:03.870796+05:30
NIFTY 21-Jul-2026,21-Jul-2026,Put,23450,36.85,14.45,64.51,37.8,42.8,35.55,0,95745,3640224.9,3640224.9,2248860474.9,24030.5,2095.0,1473,2026-07-13 09:26:03.870796+05:30
NIFTY 21-Jul-2026,21-Jul-2026,Put,24250,319.5,124.1,63.51,272.6,328.75,250.0,0,89115,27968742.75,27968742.75,2189007492.75,24030.5,3100.0,1371,2026-07-13 09:26:03.870796+05:30
NIFTY 21-Jul-2026,21-Jul-2026,Put,23250,21.15,6.6,45.36,14.9,25.65,14.9,0,85540,1881880.0,1881880.0,1990686880.0,24030.5,1612.0,1316,2026-07-13 09:26:03.870796+05:30
NIFTY 21-Jul-2026,21-Jul-2026,Call,23950,231.85,-130.0,-35.93,234.45,243.95,217.9,0,81120,18743587.2,18743587.2,1961567587.2,24030.5,742.0,1248,2026-07-13 09:26:03.870796+05:30
NIFTY 21-Jul-2026,21-Jul-2026,Put,23150,16.65,4.35,35.37,12.6,27.2,11.1,0,80990,1438382.4,1438382.4,1876356882.4,24030.5,1138.0,1246,2026-07-13 09:26:03.870796+05:30
NIFTY 21-Jul-2026,21-Jul-2026,Call,25050,4.35,-3.15,-42.0,7.85,7.85,4.2,0,73580,341411.2,341411.2,1843520411.2,24030.5,1462.0,1132,2026-07-13 09:26:03.870796+05:30
NIFTY 21-Jul-2026,21-Jul-2026,Put,22950,11.45,2.0,21.16,11.7,13.9,9.85,0,70395,840516.3,840516.3,1616405766.3,24030.5,1307.0,1083,2026-07-13 09:26:03.870796+05:30
NIFTY 21-Jul-2026,21-Jul-2026,Put,22650,7.3,0.8,12.31,6.9,9.15,6.65,0,67340,529292.4,529292.4,1525780292.4,24030.5,507.0,1036,2026-07-13 09:26:03.870796+05:30
NIFTY 21-Jul-2026,21-Jul-2026,Put,22400,5.55,0.35,6.73,6.0,6.7,5.0,0,67340,375757.2,375757.2,1508791757.2,24030.5,1321.0,1036,2026-07-13 09:26:03.870796+05:30
NIFTY 21-Jul-2026,21-Jul-2026,Put,22850,9.95,1.65,19.88,10.75,11.85,8.9,0,54665,567969.35,567969.35,1249663219.35,24030.5,1369.0,841,2026-07-13 09:26:03.870796+05:30
NIFTY 21-Jul-2026,21-Jul-2026,Call,26000,1.1,-0.05,-4.35,1.15,1.15,1.05,0,53105,58415.5,58415.5,1380788415.5,24030.5,13288.0,817,2026-07-13 09:26:03.870796+05:30
NIFTY 21-Jul-2026,21-Jul-2026,Put,22550,6.35,0.55,9.48,6.85,7.8,5.65,0,52000,336440.0,336440.0,1172936440.0,24030.5,772.0,800,2026-07-13 09:26:03.870796+05:30
NIFTY 21-Jul-2026,21-Jul-2026,Put,22200,4.7,0.35,8.05,5.45,5.75,4.35,0,49140,235872.0,235872.0,1091143872.0,24030.5,1002.0,756,2026-07-13 09:26:03.870796+05:30
NIFTY 21-Jul-2026,21-Jul-2026,Call,25150,3.5,-1.95,-35.78,5.4,6.0,3.1,0,48815,173293.25,173293.25,1227870543.25,24030.5,1653.0,751,2026-07-13 09:26:03.870796+05:30
NIFTY 21-Jul-2026,21-Jul-2026,Put,21800,3.7,0.0,0.0,4.0,4.1,3.5,0,45695,171813.2,171813.2,996322813.2,24030.5,7752.0,703,2026-07-13 09:26:03.870796+05:30
NIFTY 21-Jul-2026,21-Jul-2026,Put,22100,4.45,0.45,11.25,4.5,4.8,4.05,0,45110,198484.0,198484.0,997129484.0,24030.5,2414.0,694,2026-07-13 09:26:03.870796+05:30
NIFTY 21-Jul-2026,21-Jul-2026,Put,22300,5.15,0.4,8.42,3.8,6.2,3.8,0,41535,213074.55,213074.55,926443574.55,24030.5,2124.0,639,2026-07-13 09:26:03.870796+05:30
NIFTY 21-Jul-2026,21-Jul-2026,Call,23500,567.55,-179.7,-24.05,685.0,685.0,550.6,0,38090,21638929.0,21638929.0,916753929.0,24030.5,1216.0,586,2026-07-13 09:26:03.870796+05:30
NIFTY 21-Jul-2026,21-Jul-2026,Put,22450,6.0,0.6,11.11,9.0,9.0,5.15,0,27300,156156.0,156156.0,613041156.0,24030.5,268.0,420,2026-07-13 09:26:03.870796+05:30
NIFTY 21-Jul-2026,21-Jul-2026,Call,23850,292.8,-146.05,-33.28,298.55,307.25,278.15,0,26195,7665180.9,7665180.9,632415930.9,24030.5,366.0,403,2026-07-13 09:26:03.870796+05:30
NIFTY 21-Jul-2026,21-Jul-2026,Call,25250,2.75,-1.15,-29.49,2.5,2.95,2.4,0,26000,70200.0,70200.0,656570200.0,24030.5,816.0,400,2026-07-13 09:26:03.870796+05:30
NIFTY 21-Jul-2026,21-Jul-2026,Put,24350,386.9,136.75,54.67,318.0,398.7,243.45,0,26000,10051080.0,10051080.0,643151080.0,24030.5,1294.0,400,2026-07-13 09:26:03.870796+05:30
NIFTY 21-Jul-2026,21-Jul-2026,Call,25800,1.1,-0.1,-8.33,1.65,2.15,1.1,0,24960,30201.6,30201.6,643998201.6,24030.5,5029.0,384,2026-07-13 09:26:03.870796+05:30
NIFTY 21-Jul-2026,21-Jul-2026,Call,25900,1.05,-0.1,-8.7,1.15,1.2,1.05,0,24245,26669.5,26669.5,627972169.5,24030.5,2579.0,373,2026-07-13 09:26:03.870796+05:30
NIFTY 21-Jul-2026,21-Jul-2026,Put,21900,3.9,0.2,5.41,4.1,4.6,3.65,0,17485,69940.0,69940.0,382991440.0,24030.5,684.0,269,2026-07-13 09:26:03.870796+05:30
NIFTY 21-Jul-2026,21-Jul-2026,Call,25650,1.25,-0.35,-21.88,1.65,1.65,1.2,0,16965,21884.85,21884.85,435174134.85,24030.5,903.0,261,2026-07-13 09:26:03.870796+05:30
NIFTY 21-Jul-2026,21-Jul-2026,Put,24600,591.7,169.8,40.25,593.0,608.7,578.6,0,12935,7683519.35,7683519.35,325884519.35,24030.5,895.0,199,2026-07-13 09:26:03.870796+05:30
NIFTY 21-Jul-2026,21-Jul-2026,Put,24450,468.8,157.35,50.52,434.1,477.5,434.1,0,11765,5500137.5,5500137.5,293154387.5,24030.5,583.0,181,2026-07-13 09:26:03.870796+05:30
NIFTY 21-Jul-2026,21-Jul-2026,Call,23700,397.1,-172.9,-30.33,412.05,418.0,391.0,0,11700,4730076.0,4730076.0,282020076.0,24030.5,814.0,180,2026-07-13 09:26:03.870796+05:30
NIFTY 21-Jul-2026,21-Jul-2026,Call,25550,1.55,-0.45,-22.5,1.75,1.75,1.3,0,10335,15089.1,15089.1,264074339.1,24030.5,510.0,159,2026-07-13 09:26:03.870796+05:30
NIFTY 21-Jul-2026,21-Jul-2026,Call,23750,360.0,-161.5,-30.97,369.75,379.95,351.65,0,10270,3737971.9,3737971.9,247650471.9,24030.5,162.0,158,2026-07-13 09:26:03.870796+05:30
NIFTY 21-Jul-2026,21-Jul-2026,Put,24550,545.1,161.55,42.12,548.3,565.3,541.45,0,8580,4697464.2,4697464.2,215336464.2,24030.5,208.0,132,2026-07-13 09:26:03.870796+05:30
NIFTY 21-Jul-2026,21-Jul-2026,Put,25000,975.6,192.85,24.64,969.35,988.55,965.95,0,8515,8287394.05,8287394.05,221162394.05,24030.5,449.0,131,2026-07-13 09:26:03.870796+05:30
NIFTY 21-Jul-2026,21-Jul-2026,Call,26200,1.0,-0.05,-4.76,1.2,1.25,1.0,0,8385,8636.55,8636.55,219695636.55,24030.5,1214.0,129,2026-07-13 09:26:03.870796+05:30
NIFTY 21-Jul-2026,21-Jul-2026,Call,25450,1.9,-0.5,-20.83,2.45,2.45,1.7,0,8255,15354.3,15354.3,210105104.3,24030.5,203.0,127,2026-07-13 09:26:03.870796+05:30
NIFTY 21-Jul-2026,21-Jul-2026,Call,23600,481.5,-164.1,-25.42,492.6,494.8,470.55,0,8060,3899911.6,3899911.6,194115911.6,24030.5,311.0,124,2026-07-13 09:26:03.870796+05:30
NIFTY 21-Jul-2026,21-Jul-2026,Call,25350,2.2,-0.9,-29.03,1.95,2.4,1.9,0,7735,17249.05,17249.05,196099499.05,24030.5,310.0,119,2026-07-13 09:26:03.870796+05:30
NIFTY 21-Jul-2026,21-Jul-2026,Call,23000,1032.0,-203.3,-16.46,1041.05,1041.05,1030.0,0,6630,6863376.0,6863376.0,159353376.0,24030.5,221.0,102,2026-07-13 09:26:03.870796+05:30
NIFTY 21-Jul-2026,21-Jul-2026,Put,22350,5.45,0.6,12.37,5.8,6.2,4.35,0,5980,30797.0,30797.0,133683797.0,24030.5,152.0,92,2026-07-13 09:26:03.870796+05:30
NIFTY 21-Jul-2026,21-Jul-2026,Put,24700,692.9,189.45,37.63,650.0,694.95,650.0,0,5200,3543020.0,3543020.0,131983020.0,24030.5,497.0,80,2026-07-13 09:26:03.870796+05:30
NIFTY 21-Jul-2026,21-Jul-2026,Put,22250,4.85,0.25,5.43,5.7,7.25,4.55,0,5200,27300.0,27300.0,115727300.0,24030.5,464.0,80,2026-07-13 09:26:03.870796+05:30
NIFTY 21-Jul-2026,21-Jul-2026,Put,21850,3.95,0.45,12.86,4.1,4.1,3.45,0,4615,16937.05,16937.05,100854687.05,24030.5,98.0,71,2026-07-13 09:26:03.870796+05:30
NIFTY 21-Jul-2026,21-Jul-2026,Put,24800,786.1,200.15,34.16,792.05,792.05,762.75,0,4420,3448086.2,3448086.2,113064086.2,24030.5,158.0,68,2026-07-13 09:26:03.870796+05:30
NIFTY 21-Jul-2026,21-Jul-2026,Call,25750,1.15,-0.25,-17.86,1.15,1.2,1.1,0,3640,4186.0,4186.0,93734186.0,24030.5,337.0,56,2026-07-13 09:26:03.870796+05:30
NIFTY 21-Jul-2026,21-Jul-2026,Call,23650,440.0,-184.3,-29.52,440.15,451.0,430.25,0,3250,1428310.0,1428310.0,78290810.0,24030.5,76.0,50,2026-07-13 09:26:03.870796+05:30
NIFTY 21-Jul-2026,21-Jul-2026,Put,22050,4.35,0.4,10.13,3.2,4.8,3.2,0,2665,11113.05,11113.05,58774363.05,24030.5,2699.0,41,2026-07-13 09:26:03.870796+05:30
NIFTY 21-Jul-2026,21-Jul-2026,Call,25850,1.0,-0.3,-23.08,1.25,1.25,1.0,0,2600,2834.0,2834.0,67212834.0,24030.5,845.0,40,2026-07-13 09:26:03.870796+05:30
NIFTY 21-Jul-2026,21-Jul-2026,Put,22150,4.6,0.4,9.52,4.95,5.1,4.25,0,2535,11863.8,11863.8,56162113.8,24030.5,136.0,39,2026-07-13 09:26:03.870796+05:30
NIFTY 21-Jul-2026,21-Jul-2026,Call,23400,649.6,-197.85,-23.35,667.35,670.0,649.6,0,2275,1502523.75,1502523.75,54737523.75,24030.5,130.0,35,2026-07-13 09:26:03.870796+05:30
NIFTY 21-Jul-2026,21-Jul-2026,Call,23550,535.7,-169.45,-24.03,522.9,539.3,514.8,0,2210,1176007.3,1176007.3,53221507.3,24030.5,41.0,34,2026-07-13 09:26:03.870796+05:30
NIFTY 21-Jul-2026,21-Jul-2026,Put,21950,3.75,0.05,1.35,4.25,4.6,3.75,0,2145,8815.95,8815.95,47091565.95,24030.5,94.0,33,2026-07-13 09:26:03.870796+05:30
NIFTY 21-Jul-2026,21-Jul-2026,Call,23300,741.5,-204.55,-21.62,754.0,765.35,741.5,0,1560,1178970.0,1178970.0,37526970.0,24030.5,230.0,24,2026-07-13 09:26:03.870796+05:30
NIFTY 21-Jul-2026,21-Jul-2026,Put,21700,3.4,-0.1,-2.86,3.6,3.6,3.3,0,1105,3823.3,3823.3,23982323.3,24030.5,826.0,17,2026-07-13 09:26:03.870796+05:30
NIFTY 21-Jul-2026,21-Jul-2026,Put,24650,634.5,177.35,38.79,642.55,649.8,634.5,0,975,625082.25,625082.25,24658832.25,24030.5,58.0,15,2026-07-13 09:26:03.870796+05:30
NIFTY 21-Jul-2026,21-Jul-2026,Put,21750,3.55,-0.1,-2.74,3.6,3.6,3.55,0,650,2320.5,2320.5,14139820.5,24030.5,35.0,10,2026-07-13 09:26:03.870796+05:30
NIFTY 21-Jul-2026,21-Jul-2026,Call,26050,1.2,0.05,4.35,0.95,1.2,0.9,0,390,378.3,378.3,10159878.3,24030.5,47.0,6,2026-07-13 09:26:03.870796+05:30
NIFTY 21-Jul-2026,21-Jul-2026,Put,21650,3.7,0.05,1.37,3.65,3.7,3.5,0,390,1415.7,1415.7,8444915.7,24030.5,37.0,6,2026-07-13 09:26:03.870796+05:30
NIFTY 21-Jul-2026,21-Jul-2026,Call,25950,1.05,-0.1,-8.7,1.05,1.1,1.05,0,325,347.75,347.75,8434097.75,24030.5,99.0,5,2026-07-13 09:26:03.870796+05:30
NIFTY 21-Jul-2026,21-Jul-2026,Call,23100,943.4,-197.1,-17.28,943.1,944.55,939.1,0,260,245057.8,245057.8,6251057.8,24030.5,10.0,4,2026-07-13 09:26:03.870796+05:30
NIFTY 21-Jul-2026,21-Jul-2026,Put,25100,1065.9,193.45,22.17,1070.0,1070.0,1065.9,0,195,208119.6,208119.6,5102619.6,24030.5,16.0,3,2026-07-13 09:26:03.870796+05:30
NIFTY 21-Jul-2026,21-Jul-2026,Call,26100,1.15,0.0,0.0,1.35,1.35,1.15,0,195,239.85,239.85,5089739.85,24030.5,97.0,3,2026-07-13 09:26:03.870796+05:30
NIFTY 21-Jul-2026,21-Jul-2026,Put,24750,737.2,194.4,35.81,743.65,743.65,737.2,0,130,96254.6,96254.6,3313754.6,24030.5,31.0,2,2026-07-13 09:26:03.870796+05:30
NIFTY 21-Jul-2026,21-Jul-2026,Call,23200,859.0,-162.7,-15.92,859.0,859.0,859.0,0,65,55835.0,55835.0,1563835.0,24030.5,26.0,1,2026-07-13 09:26:03.870796+05:30
NIFTY 21-Jul-2026,21-Jul-2026,Call,23150,889.6,-65.45,-6.85,889.6,889.6,889.6,0,65,57824.0,57824.0,1562574.0,24030.5,1.0,1,2026-07-13 09:26:03.870796+05:30
